AA,Alpha
M,0.0041979793
I,0.0030551734
S,0.0020799814
V,0.0014564858
V,0.0007502367
D,0.00052059133
H,0.0004602992
G,0.00036218078
A,0.00030216773
K,0.0003167212
E,0.00025113253
P,0.00018915044
W,0.00019271209
G,0.00016545357
D,0.0001776638
R,0.00022766429
R,0.00031553488
T,0.00037616096
Y,0.00043006934
I,0.00046636345
Y,0.0004572665
A,0.0006626724
V,0.0010474733
S,0.0017601339
A,0.002329714
A,0.003229665
R,0.0037743947
L,0.0043485146
I,0.0054993634
I,0.006907257
L,0.007970309
S,0.009211914
L,0.010640222
I,0.010730299
I,0.009706406
C,0.009054338
I,0.007566674
N,0.00576853
M,0.0048015453
K,0.0032405804
T,0.0018015404
N,0.0010048784
R,0.0005856725
M,0.00035822357
V,0.00028174522
D,0.00026044543
Y,0.00025760796
S,0.0002026431
T,0.00014111192
G,0.000108863926
H,8.1074366e-05
D,6.196907e-05
G,5.9837716e-05
L,6.218967e-05
N,5.5651406e-05
T,4.110016e-05
P,3.9258855e-05
R,2.8732527e-05
D,2.5757507e-05
I,3.213601e-05
M,5.2619504e-05
F,5.866493e-05
A,0.00012794798
Q,0.00025129318
V,0.0005266934
M,0.0013165474
Y,0.0031078164
S,0.004709133
S,0.007102195
M,0.010057768
L,0.011772114
A,0.014386855
F,0.016086956
A,0.01582903
G,0.016109291
M,0.016121272
V,0.01356179
L,0.012678422
L,0.01200424
A,0.01060929
R,0.009357165
V,0.008446314
A,0.0068581454
Q,0.0065772147
L,0.005403041
G,0.0040914295
H,0.0034228626
A,0.0028588246
Y,0.0021923895
L,0.0022169254
R,0.0021532532
Y,0.0017675587
I,0.0015846934
V,0.0016088893
C,0.0014289028
S,0.0013557998
G,0.0013357466
A,0.0014068965
S,0.0016387843
E,0.001970195
K,0.002275435
Q,0.0022500064
Q,0.0015371315
S,0.0007971126
V,0.00047931555
W,0.00029679472
S,0.00022876961
I,0.00022180783
T,0.00022752877
E,0.00025768805
S,0.00036267898
S,0.00051799096
V,0.00075310847
W,0.0009670838
V,0.0009981301
R,0.001110309
A,0.0011592371
K,0.0016126509
S,0.0022736476
R,0.003568827
L,0.004741831
L,0.0060590203
Y,0.004708657
A,0.003561283
P,0.0028138496
L,0.0025313075
F,0.0027264059
R,0.0032848497
K,0.0034202281
R,0.0030478071
H,0.0025881703
N,0.001802868
R,0.0012586971
E,0.0010492695
I,0.00076818233
Q,0.0007628733
L,0.0008003505
S,0.0008170198
A,0.0006328473
A,0.0007436382
I,0.0006768926
N,0.0005580125
M,0.00044232528
G,0.00039074715
T,0.00028536675
L,0.00025505872
P,0.0003104525
S,0.0003839752
R,0.00052426266
F,0.00096787995
H,0.001734928
S,0.0022870721
L,0.0031103345
L,0.004092402
I,0.004494246
S,0.0048054913
G,0.0054848487
Y,0.005018794
I,0.0051546628
L,0.0060909023
S,0.007023251
Q,0.0065357997
I,0.00585554
I,0.004035228
Y,0.002775334
C,0.0018678186
C,0.0009994755
D,0.00051169295
L,0.00026996862
N,0.0001388235
Y,8.40678e-05
Q,6.408185e-05
N,6.270418e-05
E,6.001225e-05
T,4.9117494e-05
P,5.6781584e-05
A,7.1957234e-05
V,7.5138174e-05
I,8.097368e-05
A,0.00013099275
E,0.0001290165
L,0.00012264634
R,0.00013880341
G,0.00023364087
R,0.00030338476
S,0.0006223791
G,0.0012170024
T,0.0015817262
L,0.001790269
A,0.0021126505
T,0.002090475
L,0.0025430517
N,0.0031832508
L,0.0029016812
V,0.0038638108
P,0.0055439263
L,0.007009685
V,0.009233696
L,0.010442641
F,0.009534002
A,0.008650245
T,0.0066761477
R,0.004763052
N,0.004971752
N,0.005020936
P,0.0049115857
L,0.0066402317
I,0.0079218205
P,0.0067187496
L,0.0059984634
L,0.0057786014
R,0.002354413
I,0.00094889227
S,0.000455765
F,0.00027383998
D,0.0001837097
S,0.0001792516
Y,0.0001760772
N,0.00012587706
L,6.967372e-05
L,4.6834306e-05
H,5.4053206e-05
R,5.7297875e-05
W,8.022234e-05
L,0.00013182595
G,0.00021022043
R,0.00023531914
I,0.00031983457
A,0.0004369025
A,0.0005075465
I,0.00048835465
E,0.00039736158
S,0.0003479985
I,0.00020624977
I,0.00013994484
H,0.0001444123
M,0.00016635699
A,0.00016886854
A,0.00022519275
W,0.00020182435
A,0.0001331039
V,9.200999e-05
N,9.935214e-05
T,8.137491e-05
V,6.210691e-05
R,6.615078e-05
E,6.610518e-05
T,7.0188034e-05
D,9.634953e-05
T,9.458178e-05
A,8.513095e-05
T,0.00010782717
L,0.00010438253
A,9.4052964e-05
Q,0.000121132296
H,0.00010717076
L,7.886113e-05
A,6.797132e-05
E,0.00010381561
T,9.0194066e-05
P,0.000101457525
S,0.00016452189
Y,0.00025648097
A,0.00033810624
W,0.0005785991
G,0.0011078712
M,0.0017490309
V,0.002315887
A,0.0033495694
T,0.0047626435
A,0.005562555
I,0.008111088
M,0.009423314
A,0.011335896
F,0.014538812
F,0.014329684
I,0.014050065
L,0.016709808
Q,0.009446827
S,0.0061529404
L,0.0047265613
S,0.0031190482
P,0.0016029447
V,0.0013102414
R,0.0007192758
H,0.00044131288
A,0.00030471612
F,0.00029352919
Y,0.00020232666
E,0.00018239993
T,0.0001689236
F,0.00025532546
L,0.00021482803
C,0.00015223518
I,0.00010917854
H,9.1574e-05
Q,8.086823e-05
V,0.00016386573
G,0.00042895257
A,0.0008657708
L,0.0013550235
F,0.0017097661
I,0.00221703
I,0.002197103
L,0.0018929817
G,0.0025372647
I,0.0031041764
Y,0.0013768061
L,0.0007805318
H,0.0004395884
L,0.00018658789
D,0.00010802713
M,0.000111631736
H,7.388913e-05
S,5.3240954e-05
L,5.6108518e-05
P,6.041483e-05
Q,0.00010206143
K,0.0002352026
P,0.00057223544
W,0.0013381103
I,0.0030343449
Q,0.0037730646
W,0.0042998507
V,0.005324685
I,0.0055574244
L,0.00628815
L,0.008274599
W,0.008328511
S,0.0060268445
A,0.0043845205
D,0.003302168
R,0.0029415064
F,0.0023764046
T,0.0026666515
R,0.002827612
L,0.002668382
L,0.002331206
W,0.0026350454
L,0.002305799
A,0.001845014
V,0.0015685937
L,0.0017352381
N,0.0017841993
V,0.0016672816
S,0.0019824295
R,0.0018211678
R,0.0010138307
H,0.000597089
G,0.00033981103
M,0.00019976977
T,0.00013299516
K,0.00012575983
L,0.000107942535
R,9.4803305e-05
V,7.8552424e-05
E,7.81307e-05
A,7.3016294e-05
L,6.567696e-05
S,6.64015e-05
G,6.759042e-05
E,6.234048e-05
A,5.5836124e-05
C,5.1881078e-05
R,4.8007543e-05
L,5.4191914e-05
T,7.077579e-05
F,0.00012366279
F,0.00014695253
L,0.00019038744
P,0.00017981343
K,0.00016825611
H,0.000102228776
Y,7.592228e-05
P,4.023422e-05
V,3.7035556e-05
A,5.358432e-05
P,6.889256e-05
G,9.644843e-05
S,0.00011093369
H,0.000120904544
F,0.00010342988
F,0.00014310773
A,0.00015488321
Y,0.00018148785
I,0.00021645089
P,0.000331583
Q,0.00043309634
I,0.00054668466
S,0.00065161113
W,0.00045499107
W,0.00026985054
M,0.00011026834
S,5.2425603e-05
H,3.091465e-05
P,2.5598118e-05
F,3.0789128e-05
S,3.910649e-05
A,6.8113164e-05
A,8.182819e-05
W,8.3763276e-05
T,6.222715e-05
E,4.9973267e-05
S,3.5765443e-05
S,4.7639427e-05
N,5.9651036e-05
T,7.147262e-05
T,9.270008e-05
L,0.00012817912
P,0.00015268338
E,0.00017994674
N,0.00022754524
T,0.00026361432
Q,0.00031973678
S,0.0005087008
S,0.0008251091
T,0.0013383836
D,0.002081542
T,0.0029168497
K,0.0033014533
S,0.0037981148
L,0.0033797235
T,0.00245838
L,0.0014986454
E,0.0009313345
S,0.0005964277
Q,0.00046526123
T,0.00040954928
S,0.0003261015
P,0.00025514298
Y,0.00022680653
N,0.0002045698
Q,0.0002670638
T,0.00026816796
T,0.00031409337
V,0.0003181228
T,0.00024632813
L,0.00016558374
V,0.00014574786
V,9.329788e-05
A,6.626207e-05
A,8.1397215e-05
R,5.9608596e-05
Q,6.3375424e-05
G,6.502425e-05
M,7.40312e-05
T,5.2462652e-05
R,6.511392e-05
A,7.383071e-05
L,0.00011277986
Y,0.00013784922
T,0.0001966847
R,0.00021872197
A,0.00026795774
L,0.00028120456
S,0.00034284394
S,0.0003006269
P,0.00017898025
D,0.0001045109
E,8.734318e-05
T,0.0001055178
F,0.000116393145
T,0.00013568379
T,0.00011712177
T,0.000107199674
G,8.509807e-05
F,0.00010329565
L,9.685235e-05
E,7.332056e-05
G,5.0364295e-05
P,4.583583e-05
Y,3.5554993e-05
S,4.030705e-05
S,3.605922e-05
H,2.8342987e-05
A,2.2244498e-05
V,3.2017193e-05
N,4.385107e-05
M,5.8734255e-05
G,6.1896164e-05
S,7.716318e-05
Y,9.367364e-05
G,0.00015087643
T,0.00023186245
A,0.00028636906
I,0.00020719743
L,0.00014145003
F,0.000121340796
S,9.275099e-05
G,8.906247e-05
G,9.725196e-05
V,0.00011207133
G,0.00011281388
I,0.00013138042
T,0.0001302719
H,0.00013673962
H,0.00015434693
L,0.00015493229
L,0.00012724679
F,0.00014082149
I,0.00017151963
R,0.00016654641
D,0.00022183859
L,0.00026304106
L,0.00029768323
L,0.0002877054
R,0.00028011436
A,0.0002159938
A,0.00014299792
A,0.000106489264
G,0.000108794055
R,0.00010928345
A,0.000104238665
A,0.00012931661
T,0.00013315983
R,0.00012654554
S,0.00014707414
I,0.00013527571
T,7.815449e-05
L,5.230808e-05
I,3.8475257e-05
W,2.7917722e-05
A,3.1151692e-05
V,3.460484e-05
R,3.971331e-05
S,5.9606296e-05
M,6.654677e-05
D,5.4664473e-05
S,4.9037473e-05
V,2.9430608e-05
R,2.2988259e-05
W,2.6707008e-05
V,3.9247327e-05
M,5.4220895e-05
E,6.66246e-05
Y,9.7535616e-05
I,0.00011532848
Q,0.00010472465
E,0.00010286245
I,0.00015265532
L,0.00011804684
Q,0.00017298071
M,0.00016532632
S,0.00017773187
N,0.00010550865
A,9.188483e-05
E,5.62741e-05
A,4.8899245e-05
I,3.6058955e-05
L,3.4152603e-05
T,3.5846024e-05
I,2.9657584e-05
M,2.4956078e-05
L,2.0049978e-05
F,2.1724569e-05
V,2.889409e-05
S,6.825728e-05
K,0.00014349076
P,0.0002031234
R,0.00026258777
S,0.00025173003
P,0.00020324525
G,0.00023090371
E,0.0002943051
M,0.000307309
R,0.00033640396
S,0.00024441857
T,0.0001439518
G,6.946951e-05
G,3.844247e-05
V,2.4326979e-05
I,3.117072e-05
R,4.1324958e-05
T,7.202717e-05
F,9.120296e-05
A,8.935546e-05
G,6.1476e-05
R,3.8406157e-05
C,3.195001e-05
N,2.9488967e-05
P,3.171221e-05
A,2.7450336e-05
T,2.927369e-05
V,2.3587845e-05
L,2.8491608e-05
E,2.6578771e-05
E,3.274733e-05
I,6.029061e-05
I,9.6335985e-05
P,0.000121645746
R,0.00012215349
R,8.390716e-05
I,3.9206217e-05
G,3.1610238e-05
A,2.5005913e-05
T,1.9986543e-05
V,1.6829168e-05
V,1.3160337e-05
S,1.0137055e-05
I,1.1086091e-05
C,1.2976741e-05
G,2.028773e-05
P,3.371195e-05
G,5.5437606e-05
A,5.8050464e-05
F,6.744986e-05
G,7.6893615e-05
D,8.301393e-05
D,7.870097e-05
V,0.0001007593
R,9.329761e-05
E,8.701729e-05
A,0.0001081477
A,0.00012752178
R,0.00017075334
R,0.00025521975
Q,0.00037347357
V,0.00038067505
D,0.0002728989
R,0.0001926837
G,0.0001904866
V,0.00015187121
A,0.0001761858
L,0.00029265886
D,0.00022313902
F,0.00023227006
V,0.00028894257
E,0.00040117782
E,0.000573533
A,0.0015237199
F,0.0037257553
T,0.009055811
W,0.017387554
