acuM_protein.fasta,XM_001275510.1,88.995,418,45,1,210,627,742,1992,0.0,716,93.78,0,1
acuM_protein.fasta,XM_001275510.1,54.615,130,58,1,67,196,79,465,8.65e-36,132,68.46,0,1
acuM_protein.fasta,XM_001275510.1,93.750,16,1,0,196,211,581,628,8.65e-36,36.2,93.75,0,2
acuM_protein.fasta,XM_001275248.1,22.826,184,102,3,457,600,1300,1851,3.28e-12,68.2,41.85,0,1
acuM_protein.fasta,XM_001275248.1,48.889,45,20,1,197,241,205,330,4.22e-08,55.1,64.44,0,1
acuM_protein.fasta,XM_001272453.1,29.703,101,64,3,197,290,112,414,1.97e-05,44.7,46.53,0,1
acuM_protein.fasta,XM_001276373.1,31.373,51,35,0,181,231,52,204,4.35e-04,42.0,58.82,0,1
acuM_protein.fasta,XM_001268207.1,47.222,36,15,1,186,217,526,633,4.79e-04,41.2,61.11,0,1
acuM_protein.fasta,XM_001275015.1,37.255,51,29,1,178,225,25,177,0.001,40.8,54.90,0,1
acuM_protein.fasta,XM_001273641.1,37.288,59,28,3,216,266,7,180,0.002,40.4,59.32,0,1
acuM_protein.fasta,XM_001271196.1,51.724,29,14,0,188,216,190,276,0.002,40.0,68.97,0,1
acuM_protein.fasta,XM_001271511.1,39.535,43,21,1,182,224,268,381,0.002,39.7,58.14,0,1
acuM_protein.fasta,XM_001274294.1,35.000,40,26,0,182,221,52,171,0.002,39.7,55.00,0,1
ags3_protein.fasta,XM_001271446.1,83.319,2392,385,5,22,2412,58,7194,0.0,4081,90.43,0,1
ags3_protein.fasta,XM_001275417.1,55.185,2430,1024,25,23,2412,58,7272,0.0,2633,70.74,0,1
ags3_protein.fasta,XM_001273802.1,54.516,2447,1025,28,22,2412,55,7299,0.0,2570,69.64,0,1
ags3_protein.fasta,XM_001273801.1,32.800,125,69,3,66,182,58,411,1.35e-10,65.1,50.40,0,1
ags3_protein.fasta,XM_001275619.1,31.111,135,76,5,57,184,67,441,3.00e-08,57.8,48.15,0,1
ags3_protein.fasta,XM_001271888.1,30.496,141,81,4,58,192,61,450,4.15e-08,57.0,46.10,0,1
ags3_protein.fasta,XM_001273133.1,27.857,140,78,5,58,188,61,438,9.85e-07,52.8,47.14,0,1
alb1_protein.fasta,XM_001276034.1,86.459,2149,283,4,1,2146,4,6435,0.0,3764,92.74,0,1
alb1_protein.fasta,XM_001275037.1,36.989,1760,1045,27,6,1717,4,5235,0.0,1093,55.68,0,1
alb1_protein.fasta,XM_001275037.1,32.955,88,58,1,1754,1841,4975,5235,1.86e-05,48.9,52.27,0,1
alb1_protein.fasta,XM_001273474.1,26.943,1544,945,47,113,1579,406,4719,1.16e-121,429,43.52,0,1
alb1_protein.fasta,XM_001273761.1,28.559,1145,680,35,362,1415,70,3363,2.90e-104,373,44.37,0,1
alb1_protein.fasta,XM_001273185.1,30.929,915,530,23,378,1214,34,2706,3.03e-96,347,46.56,0,1
alb1_protein.fasta,XM_001273841.1,29.501,922,588,23,378,1262,22,2712,6.29e-92,332,46.42,0,1
alb1_protein.fasta,XM_001275050.1,30.143,909,567,26,378,1262,151,2745,7.14e-92,332,47.30,0,1
alb1_protein.fasta,XM_001273595.1,28.633,929,593,23,378,1263,112,2817,7.43e-91,329,45.43,0,1
alb1_protein.fasta,XM_001271444.1,28.571,938,592,25,378,1262,19,2757,7.83e-88,319,44.88,0,1
alb1_protein.fasta,XM_001273092.1,28.555,851,553,20,409,1236,25,2481,2.77e-84,306,44.89,0,1
areA_protein.fasta,XM_001270340.1,82.127,884,150,6,1,881,1,2637,0.0,1285,89.59,0,1
areA_protein.fasta,XM_001275611.1,78.049,41,9,0,680,720,76,198,8.83e-15,75.1,82.93,0,1
areA_protein.fasta,XM_001274420.1,58.537,41,17,0,680,720,808,930,6.56e-12,67.8,75.61,0,1
areA_protein.fasta,XM_001274420.1,53.659,41,11,1,680,720,364,462,4.26e-06,48.9,60.98,0,1
cat1_protein.fasta,XM_001273664.1,87.912,728,88,0,1,728,1,2184,0.0,1246,93.41,0,1
cat1_protein.fasta,XM_001274803.1,48.134,509,254,4,50,553,52,1563,5.16e-144,437,62.28,0,1
cat1_protein.fasta,XM_001270163.1,48.932,468,233,4,75,541,196,1584,1.14e-136,419,63.68,0,1
cat1_protein.fasta,XM_001270391.1,37.924,472,272,7,75,532,85,1479,1.53e-88,285,55.30,0,1
cat1_protein.fasta,XM_001270473.1,43.666,371,199,4,60,425,43,1140,2.11e-87,282,57.68,0,1
cat2_protein.fasta,XM_001275125.1,86.316,760,103,1,1,759,1,2280,0.0,1333,92.11,0,1
cat2_protein.fasta,XM_001268410.1,28.090,178,85,4,252,429,394,798,2.94e-12,67.0,39.33,0,1
cat2_protein.fasta,XM_001268410.1,34.746,118,72,2,61,178,16,354,2.62e-09,58.2,51.69,0,1
cat2_protein.fasta,XM_001268410.1,23.404,282,183,10,467,744,43,801,5.76e-05,44.7,40.07,0,1
cat2_protein.fasta,XM_001271803.1,34.746,118,73,2,61,178,280,621,8.67e-09,56.6,54.24,0,1
cat2_protein.fasta,XM_001271803.1,26.336,262,158,13,484,744,361,1044,2.42e-07,52.4,43.13,0,1
cgrA_protein.fasta,XM_001275003.1,87.500,72,9,0,3,74,4,219,9.52e-24,86.7,90.28,0,1
chsC_protein.fasta,XM_001276466.1,88.406,897,99,3,1,893,1,2688,0.0,1570,94.43,0,1
chsC_protein.fasta,XM_001271390.1,74.842,791,195,3,106,893,364,2733,0.0,1179,85.84,0,1
chsC_protein.fasta,XM_001273027.1,42.804,799,368,21,116,881,553,2781,0.0,574,59.57,0,1
chsC_protein.fasta,XM_001274800.1,39.848,788,401,18,109,880,934,3126,3.02e-177,541,57.87,0,1
chsC_protein.fasta,XM_001275616.1,33.838,198,110,10,338,527,3625,4179,1.97e-15,80.1,47.98,0,1
chsC_protein.fasta,XM_001275617.1,28.235,255,155,9,284,526,3988,4704,1.09e-14,77.4,43.14,0,1
chsC_protein.fasta,XM_001276667.1,30.688,189,103,6,349,526,2506,3021,2.10e-12,70.1,43.92,0,1
chsG_protein.fasta,XM_001271390.1,94.841,911,47,0,1,911,1,2733,0.0,1731,97.26,0,1
chsG_protein.fasta,XM_001276466.1,67.442,903,266,9,25,911,16,2688,0.0,1190,78.41,0,1
chsG_protein.fasta,XM_001273027.1,43.822,785,374,23,137,899,562,2781,0.0,587,61.40,0,1
chsG_protein.fasta,XM_001274800.1,42.653,769,375,19,141,895,967,3117,0.0,567,60.21,0,1
chsG_protein.fasta,XM_001275617.1,28.190,337,198,14,302,617,3988,4929,4.53e-18,88.6,44.21,0,1
chsG_protein.fasta,XM_001275616.1,31.405,242,121,10,367,605,3673,4272,6.01e-17,85.1,43.80,0,1
chsG_protein.fasta,XM_001276667.1,32.000,200,104,7,367,555,2506,3042,1.21e-15,80.5,45.00,0,1
cnaA_protein.fasta,XM_001274118.1,95.514,535,23,1,1,534,73,1677,0.0,1014,98.50,0,1
cnaA_protein.fasta,XM_001269664.1,38.489,278,158,2,50,327,73,867,4.82e-69,223,62.59,0,1
cnaA_protein.fasta,XM_001268186.1,38.245,319,181,5,20,336,25,939,2.30e-66,216,56.11,0,1
cnaA_protein.fasta,XM_001274433.1,38.929,280,157,3,46,324,67,867,2.68e-62,206,57.86,0,1
cnaA_protein.fasta,XM_001272788.1,38.043,276,154,3,54,327,613,1395,2.95e-61,208,59.06,0,1
cnaA_protein.fasta,XM_001274004.1,37.255,306,169,7,46,342,523,1398,1.05e-58,201,55.23,0,1
cnaA_protein.fasta,XM_001268244.1,38.208,212,117,4,111,321,466,1062,5.12e-39,145,58.49,0,1
cnaA_protein.fasta,XM_001268244.1,39.216,51,31,0,54,104,97,249,6.70e-07,50.1,62.75,0,1
cnaA_protein.fasta,XM_001274490.1,45.255,137,74,1,54,189,124,534,1.98e-33,131,67.15,0,1
cnaA_protein.fasta,XM_001274490.1,36.232,138,68,4,194,328,838,1200,3.15e-17,82.8,52.90,0,1
cpcA_protein.fasta,XM_001272098.1,76.680,253,58,1,1,252,1,759,4.35e-117,333,83.79,0,1
crzA_protein.fasta,XM_001269467.1,75.765,784,155,10,1,754,1,2337,0.0,940,82.91,0,1
crzA_protein.fasta,XM_001273230.1,43.590,117,53,3,525,637,571,894,9.17e-23,102,56.41,0,1
crzA_protein.fasta,XM_001271124.1,41.000,100,43,2,532,631,1342,1593,2.73e-16,82.0,52.00,0,1
crzA_protein.fasta,XM_001275776.1,44.444,63,33,1,549,609,874,1062,1.40e-12,68.6,68.25,0,1
crzA_protein.fasta,XM_001268213.1,40.230,87,40,3,548,631,790,1023,1.44e-12,68.9,51.72,0,1
crzA_protein.fasta,XM_001271911.1,34.862,109,57,3,532,638,196,486,1.83e-12,68.6,49.54,0,1
crzA_protein.fasta,XM_001271911.1,36.364,88,41,3,576,656,235,474,4.40e-10,61.2,46.59,0,1
crzA_protein.fasta,XM_001271911.1,38.889,54,33,0,553,606,340,501,2.56e-07,52.4,55.56,0,1
crzA_protein.fasta,XM_001269253.1,28.873,142,73,2,521,634,1204,1629,2.45e-11,65.5,40.14,0,1
crzA_protein.fasta,XM_001269253.1,37.037,81,42,1,557,637,1246,1461,5.70e-09,57.8,51.85,0,1
crzA_protein.fasta,XM_001270263.1,42.857,70,37,2,535,601,772,981,5.60e-09,57.0,60.00,0,1
crzA_protein.fasta,XM_001270263.1,34.483,58,31,1,576,633,811,963,3.06e-05,45.4,48.28,0,1
crzA_protein.fasta,XM_001269744.1,40.385,52,31,0,549,600,13,168,1.32e-08,57.0,61.54,0,1
crzA_protein.fasta,XM_001269744.1,33.333,60,31,1,578,637,16,168,3.19e-05,46.2,48.33,0,1
crzA_protein.fasta,XM_001270346.1,44.681,47,26,0,548,594,1348,1488,1.33e-08,56.6,65.96,0,1
crzA_protein.fasta,XM_001270346.1,40.323,62,28,1,571,632,1333,1491,3.60e-08,55.5,53.23,0,1
dvrA_protein.fasta,XM_001270981.1,85.056,629,91,3,1,627,1,1884,0.0,979,90.94,0,1
dvrA_protein.fasta,XM_001276000.1,48.529,68,31,2,97,163,145,339,9.28e-11,63.9,58.82,0,1
dvrA_protein.fasta,XM_001275905.1,45.783,83,37,5,99,178,34,267,4.18e-10,61.6,57.83,0,1
dvrA_protein.fasta,XM_001274139.1,47.059,51,27,0,117,167,79,231,7.06e-10,60.8,66.67,0,1
dvrA_protein.fasta,XM_001271799.1,53.704,54,20,3,109,160,1492,1644,2.01e-09,59.3,66.67,0,1
dvrA_protein.fasta,XM_001273954.1,50.000,52,25,1,107,157,1678,1833,2.16e-09,59.3,63.46,0,1
dvrA_protein.fasta,XM_001273552.1,55.319,47,20,1,117,162,850,990,3.60e-08,55.5,68.09,0,1
dvrA_protein.fasta,XM_001275351.1,40.000,65,34,3,100,163,586,768,4.44e-08,54.7,60.00,0,1
dvrA_protein.fasta,XM_001270030.1,37.000,100,44,4,100,196,643,894,7.95e-08,53.9,46.00,0,1
dvrA_protein.fasta,XM_001275465.1,49.057,53,23,2,115,164,232,387,8.81e-08,53.5,66.04,0,1
ecm33_protein.fasta,XM_001271570.1,80.106,377,74,1,22,398,64,1191,0.0,511,89.92,0,1
ecm33_protein.fasta,XM_001268135.1,30.357,112,76,2,233,342,160,495,5.79e-09,55.8,50.00,0,1
ecm33_protein.fasta,XM_001268135.1,22.222,198,109,3,29,225,7,468,5.28e-05,43.5,38.89,0,1
gel2_protein.fasta,XM_001268235.1,76.844,488,99,3,2,475,1,1464,0.0,756,87.91,0,1
gel2_protein.fasta,XM_001273173.1,43.820,356,187,7,22,377,85,1113,1.61e-92,287,58.99,0,1
gel2_protein.fasta,XM_001268295.1,41.813,342,188,6,16,352,40,1047,5.86e-79,254,57.89,0,1
gel2_protein.fasta,XM_001272666.1,38.692,367,209,10,11,370,22,1095,2.52e-72,236,56.68,0,1
gel2_protein.fasta,XM_001271300.1,35.556,360,193,10,17,352,55,1089,5.80e-66,218,53.89,0,1
gel2_protein.fasta,XM_001275558.1,36.461,373,218,8,8,370,13,1104,7.48e-64,214,53.35,0,1
glfA_protein.fasta,XM_001271262.1,96.078,510,20,0,1,510,67,1596,0.0,1040,98.82,0,1
glfA_protein.fasta,XM_001276724.1,55.263,38,16,1,1,38,1,111,0.007,37.4,71.05,0,1
gliP_protein.fasta,XM_001272460.1,29.825,1140,674,23,545,1620,70,3303,4.74e-130,440,47.28,0,1
gliP_protein.fasta,XM_001272460.1,29.225,503,299,16,4,495,1672,3042,7.50e-36,148,45.92,0,1
gliP_protein.fasta,XM_001273104.1,25.169,1772,1115,51,1,1636,11860,16950,7.32e-94,340,40.91,0,1
gliP_protein.fasta,XM_001273104.1,24.638,1104,693,37,848,1846,6583,9792,6.69e-56,215,41.67,0,1
gliP_protein.fasta,XM_001273104.1,25.965,855,520,26,847,1613,3280,5769,1.43e-55,214,43.04,0,1
gliP_protein.fasta,XM_001273104.1,25.080,937,575,27,867,1702,11272,14004,2.75e-52,203,41.41,0,1
gliP_protein.fasta,XM_001273104.1,28.372,430,260,16,1068,1462,733,1983,2.38e-35,147,47.67,0,1
gliP_protein.fasta,XM_001273104.1,26.905,643,389,21,12,598,3964,5817,1.76e-31,134,43.70,0,1
gliP_protein.fasta,XM_001273104.1,26.043,599,385,20,21,577,7294,9042,5.88e-28,123,45.41,0,1
gliP_protein.fasta,XM_001273104.1,24.387,857,532,32,6,787,670,3117,1.57e-27,121,42.24,0,1
gliP_protein.fasta,XM_001270325.1,23.546,2115,1327,70,1,1911,17818,23904,3.06e-88,322,39.76,0,1
gliP_protein.fasta,XM_001270325.1,23.477,1806,1092,61,2,1613,760,5889,1.78e-66,250,40.03,0,1
gliP_protein.fasta,XM_001270325.1,26.253,838,505,31,863,1613,12595,15030,5.67e-50,196,42.72,0,1
gliP_protein.fasta,XM_001270325.1,23.855,1157,676,39,848,1843,17134,20472,1.32e-46,184,38.72,0,1
gliP_protein.fasta,XM_001270325.1,26.698,648,383,22,7,593,13204,15054,5.01e-30,130,41.51,0,1
gliP_protein.fasta,XM_001270325.1,32.787,61,41,0,2067,2127,22735,22917,0.026,38.5,50.82,0,1
gliP_protein.fasta,XM_001276711.1,25.117,2134,1266,85,15,1915,6148,12252,1.42e-86,316,40.07,0,1
gliP_protein.fasta,XM_001276711.1,24.586,1810,1082,65,2,1611,9391,14571,3.20e-74,275,39.39,0,1
gliP_protein.fasta,XM_001276711.1,24.929,1416,872,51,662,1936,4912,9009,1.36e-58,224,41.03,0,1
gliP_protein.fasta,XM_001276711.1,24.866,1307,777,46,628,1783,112,3870,1.95e-50,197,38.87,0,1
gliP_protein.fasta,XM_001276711.1,26.349,630,402,16,1,583,1405,3249,8.71e-30,129,41.59,0,1
gliP_protein.fasta,XM_001276711.1,37.500,64,40,0,2067,2130,3079,3270,2.23e-05,48.5,56.25,0,1
gliP_protein.fasta,XM_001276711.1,33.898,59,39,0,2072,2130,11083,11259,0.033,38.1,54.24,0,1
gliP_protein.fasta,XM_001268511.1,25.704,1883,1131,66,15,1703,796,6222,4.95e-86,314,40.52,0,1
gliP_protein.fasta,XM_001268511.1,24.751,1103,629,40,757,1706,7903,11067,4.88e-49,192,39.17,0,1
gliP_protein.fasta,XM_001268511.1,26.822,645,395,23,12,599,8863,10737,2.08e-30,131,42.95,0,1
gliP_protein.fasta,XM_001269224.1,23.371,1964,1240,67,8,1780,8491,14160,1.03e-82,303,40.38,0,1
gliP_protein.fasta,XM_001269224.1,26.786,784,464,29,943,1638,8134,10419,6.67e-51,199,42.73,0,1
gliP_protein.fasta,XM_001269224.1,25.802,717,431,28,1052,1702,808,2853,3.12e-43,173,43.51,0,1
gliP_protein.fasta,XM_001269224.1,24.647,637,403,18,24,608,838,2673,1.38e-29,128,44.11,0,1
gliP_protein.fasta,XM_001269224.1,21.856,668,419,22,848,1440,4753,6672,1.23e-20,99.0,40.27,0,1
gliP_protein.fasta,XM_001270090.1,25.339,1772,1063,65,21,1620,766,5817,8.07e-76,280,40.58,0,1
gliP_protein.fasta,XM_001270090.1,25.794,1039,637,30,665,1611,7399,10389,4.69e-61,232,41.58,0,1
gliP_protein.fasta,XM_001270090.1,24.802,1008,612,32,1056,1959,742,3639,6.18e-48,189,39.48,0,1
gliP_protein.fasta,XM_001270090.1,24.812,665,395,22,1,597,8539,10422,4.93e-28,123,41.50,0,1
gliP_protein.fasta,XM_001270090.1,24.199,624,407,23,15,591,4000,5814,5.39e-25,113,43.11,0,1
gliP_protein.fasta,XM_001275144.1,23.373,1921,1222,63,32,1812,1423,6855,2.69e-74,275,39.56,0,1
gliP_protein.fasta,XM_001275144.1,25.348,935,615,24,1075,1961,1423,4122,4.41e-51,199,42.46,0,1
gliP_protein.fasta,XM_001275144.1,24.327,929,634,24,29,926,4486,7158,2.48e-40,163,40.26,0,1
gliP_protein.fasta,XM_001275144.1,32.308,65,44,0,2066,2130,5989,6183,0.006,40.4,44.62,0,1
gliP_protein.fasta,XM_001276061.1,23.831,2010,1223,72,25,1810,739,6516,1.24e-73,273,39.05,0,1
gliP_protein.fasta,XM_001276061.1,26.301,730,410,25,1067,1697,7330,9432,1.04e-35,148,41.10,0,1
gliP_protein.fasta,XM_001276061.1,24.444,675,423,20,978,1591,448,2394,1.64e-33,141,40.44,0,1
gliP_protein.fasta,XM_001276061.1,23.303,987,642,30,11,923,3988,6825,2.13e-31,134,39.61,0,1
gliP_protein.fasta,XM_001276061.1,26.763,624,385,19,15,586,7303,9114,4.75e-27,120,41.83,0,1
gliP_protein.fasta,XM_001273583.1,23.280,1817,1130,66,57,1729,256,5346,2.78e-65,245,39.63,0,1
gliP_protein.fasta,XM_001273583.1,28.086,794,482,27,1078,1816,199,2478,1.04e-49,194,41.94,0,1
gliP_protein.fasta,XM_001273583.1,25.041,607,394,19,13,581,3193,4944,2.34e-31,134,44.81,0,1
gpaB_protein.fasta,XM_001268964.1,96.067,356,14,0,1,356,1,1068,0.0,690,97.75,0,1
gpaB_protein.fasta,XM_001268944.1,49.582,359,172,4,1,356,1,1059,4.73e-116,339,64.90,0,1
gpaB_protein.fasta,XM_001271235.1,46.519,316,166,3,38,350,115,1062,1.51e-95,287,63.61,0,1
gpaB_protein.fasta,XM_001269101.1,31.579,76,42,1,202,277,193,390,1.41e-04,40.8,50.00,0,1
ireA_protein.fasta,XM_001269969.1,87.739,1150,134,7,1,1146,1,3441,0.0,1860,92.96,0,1
ireA_protein.fasta,XM_001270950.1,28.053,303,169,9,717,1012,70,852,9.33e-24,103,45.21,0,1
ireA_protein.fasta,XM_001269166.1,29.889,271,148,11,752,1007,3265,3996,3.85e-16,82.8,45.39,0,1
ireA_protein.fasta,XM_001273214.1,30.855,269,131,11,747,1007,943,1608,4.55e-16,81.6,42.75,0,1
ireA_protein.fasta,XM_001271259.1,23.856,306,182,11,716,1007,796,1602,2.96e-14,76.3,42.48,0,1
ireA_protein.fasta,XM_001275784.1,27.063,303,164,12,717,1011,136,897,5.14e-14,74.3,43.56,0,1
ireA_protein.fasta,XM_001272219.1,24.377,361,175,14,717,1030,85,1014,1.23e-13,73.2,38.78,0,1
ireA_protein.fasta,XM_001272729.1,23.684,304,161,15,717,1007,1654,2391,1.37e-13,73.9,44.08,0,1
ireA_protein.fasta,XM_001267999.1,26.801,347,164,16,717,1015,28,942,1.75e-13,71.6,41.21,0,1
ireA_protein.fasta,XM_001273886.1,24.932,365,177,14,717,1029,91,1050,1.82e-13,73.2,40.00,0,1
laeA_protein.fasta,XM_001268792.1,90.617,373,34,1,1,373,1,1116,0.0,720,96.25,0,1
laeA_protein.fasta,XM_001272709.1,34.653,303,177,7,82,371,61,945,8.19e-55,181,52.15,0,1
laeA_protein.fasta,XM_001275869.1,34.247,292,186,4,84,371,130,999,3.56e-52,175,51.03,0,1
laeA_protein.fasta,XM_001271442.1,34.495,287,179,8,87,369,178,1023,4.73e-51,172,55.40,0,1
laeA_protein.fasta,XM_001273833.1,33.449,287,181,5,87,370,130,969,5.27e-49,166,52.61,0,1
laeA_protein.fasta,XM_001275080.1,33.333,285,184,6,88,370,232,1074,1.62e-48,166,56.14,0,1
laeA_protein.fasta,XM_001276403.1,33.333,243,161,1,128,370,229,954,3.76e-41,145,53.09,0,1
laeA_protein.fasta,XM_001273925.1,28.669,293,179,10,95,372,55,888,3.12e-29,114,45.73,0,1
laeA_protein.fasta,XM_001269014.1,26.786,168,120,3,203,370,322,816,2.51e-18,82.8,48.21,0,1
laeA_protein.fasta,XM_001275428.1,26.452,155,106,4,152,300,10,468,3.74e-11,59.7,49.68,0,1
mcsA_protein.fasta,XM_001270185.1,93.991,466,27,1,1,465,1,1398,0.0,869,96.78,0,1
mcsA_protein.fasta,XM_001276107.1,55.748,461,192,8,3,459,28,1386,1.19e-160,461,70.07,0,1
pes1_protein.fasta,XM_001269224.1,73.735,6286,1610,23,1,6269,1,18786,0.0,9394,85.08,0,1
pes1_protein.fasta,XM_001273104.1,33.645,2993,1814,64,2556,5466,3106,11814,0.0,1555,52.76,0,1
pes1_protein.fasta,XM_001273104.1,33.390,2357,1424,43,44,2339,6610,13425,0.0,1241,53.08,0,1
pes1_protein.fasta,XM_001273104.1,35.625,1993,1172,38,2596,4548,11098,16863,0.0,1145,54.59,0,1
pes1_protein.fasta,XM_001273104.1,31.100,2119,1269,51,2607,4633,55,6114,0.0,887,48.75,0,1
pes1_protein.fasta,XM_001273104.1,30.099,1309,811,30,2596,3852,14308,18078,1.48e-152,537,48.13,0,1
pes1_protein.fasta,XM_001273104.1,32.110,981,623,14,1366,2329,2623,5487,5.86e-144,509,51.07,0,1
pes1_protein.fasta,XM_001273104.1,31.698,1060,650,25,1322,2346,5752,8814,5.63e-140,496,51.89,0,1
pes1_protein.fasta,XM_001273104.1,34.245,841,514,13,50,874,3328,5781,1.37e-136,484,55.05,0,1
pes1_protein.fasta,XM_001273104.1,33.262,932,539,25,48,946,14446,17091,4.50e-126,449,52.04,0,1
pes1_protein.fasta,XM_001273104.1,31.464,963,573,19,171,1088,412,3174,1.93e-123,441,51.40,0,1
pes1_protein.fasta,XM_001273104.1,32.373,868,506,18,214,1036,11716,14211,5.72e-112,403,51.15,0,1
pes1_protein.fasta,XM_001273104.1,27.921,1010,647,29,1364,2349,13801,16659,1.54e-103,375,46.53,0,1
pes1_protein.fasta,XM_001273104.1,30.084,718,432,16,5525,6216,16561,18582,1.39e-81,302,48.75,0,1
pes1_protein.fasta,XM_001273104.1,37.143,420,247,11,5043,5454,2617,3849,1.04e-71,270,57.38,0,1
pes1_protein.fasta,XM_001273104.1,26.049,810,506,17,1560,2349,55,2265,4.11e-68,258,44.94,0,1
pes1_protein.fasta,XM_001273104.1,32.589,448,281,9,5036,5473,5893,7203,2.34e-67,255,54.69,0,1
pes1_protein.fasta,XM_001273104.1,26.339,448,282,11,5558,6003,13495,14700,5.79e-29,128,43.30,0,1
pes1_protein.fasta,XM_001273104.1,22.828,495,315,19,5045,5516,13807,15159,2.90e-17,89.7,41.82,0,1
pes1_protein.fasta,XM_001273104.1,22.175,469,306,17,5558,6003,5584,6882,1.21e-15,84.3,41.15,0,1
pes1_protein.fasta,XM_001273104.1,24.079,353,227,12,5740,6070,10702,11703,1.35e-14,80.9,43.34,0,1
pes1_protein.fasta,XM_001273104.1,22.404,366,247,14,5039,5390,17002,18030,1.14e-13,77.8,44.81,0,1
pes1_protein.fasta,XM_001273104.1,25.056,447,290,12,5566,6003,2344,3576,2.60e-13,76.6,40.27,0,1
pes1_protein.fasta,XM_001270325.1,34.553,2761,1652,67,2778,5466,574,8607,0.0,1474,53.86,0,1
pes1_protein.fasta,XM_001270325.1,34.821,2352,1410,45,47,2342,12586,19440,0.0,1327,53.44,0,1
pes1_protein.fasta,XM_001270325.1,34.023,2369,1422,51,8,2329,3295,10119,0.0,1229,52.51,0,1
pes1_protein.fasta,XM_001270325.1,35.126,2027,1193,48,3504,5466,11866,17772,0.0,1163,55.11,0,1
pes1_protein.fasta,XM_001270325.1,33.610,2169,1291,46,2540,4633,16927,23211,0.0,1152,53.07,0,1
pes1_protein.fasta,XM_001270325.1,31.667,2381,1460,53,8,2329,7924,14742,0.0,1150,51.62,0,1
pes1_protein.fasta,XM_001270325.1,33.858,1397,853,28,4098,5466,9085,13146,0.0,764,53.40,0,1
pes1_protein.fasta,XM_001270325.1,32.702,1003,639,18,1342,2329,2647,5592,1.01e-150,531,53.94,0,1
pes1_protein.fasta,XM_001270325.1,32.584,1068,655,24,2775,3810,20884,23988,1.93e-148,524,51.12,0,1
pes1_protein.fasta,XM_001270325.1,29.049,1377,832,40,3467,4751,16339,20310,2.29e-143,507,48.80,0,1
pes1_protein.fasta,XM_001270325.1,33.094,976,597,21,2544,3483,12244,15111,6.87e-131,466,50.72,0,1
pes1_protein.fasta,XM_001270325.1,30.727,1087,635,28,4,1036,91,3159,1.28e-126,452,49.13,0,1
pes1_protein.fasta,XM_001270325.1,31.866,1045,619,29,4,981,17044,20100,7.17e-126,449,50.62,0,1
pes1_protein.fasta,XM_001270325.1,33.742,898,523,24,2596,3451,3262,5865,1.26e-124,445,51.78,0,1
pes1_protein.fasta,XM_001270325.1,31.996,947,571,22,48,948,20455,23214,6.52e-124,442,49.84,0,1
pes1_protein.fasta,XM_001270325.1,27.097,1037,630,30,1364,2350,19810,22692,6.18e-97,353,45.61,0,1
pes1_protein.fasta,XM_001270325.1,28.066,791,513,14,1547,2329,64,2292,4.54e-86,317,47.16,0,1
pes1_protein.fasta,XM_001270325.1,29.056,678,407,17,5558,6216,22726,24594,5.88e-75,280,49.71,0,1
pes1_protein.fasta,XM_001270325.1,25.983,916,598,25,2596,3483,7891,10482,9.10e-72,270,44.98,0,1
pes1_protein.fasta,XM_001270325.1,24.503,453,295,11,5556,6005,19489,20715,1.72e-26,120,46.14,0,1
pes1_protein.fasta,XM_001270325.1,24.398,332,209,8,5045,5367,19816,20712,9.16e-18,91.3,41.87,0,1
pes1_protein.fasta,XM_001270325.1,23.647,351,230,11,1345,1678,22981,23970,1.75e-15,84.0,43.02,0,1
pes1_protein.fasta,XM_001270325.1,22.018,436,280,15,5043,5447,23026,24246,2.18e-14,80.1,42.20,0,1
pes1_protein.fasta,XM_001270325.1,23.093,472,291,16,5558,6003,2398,3675,4.22e-14,79.3,37.92,0,1
pes1_protein.fasta,XM_001270325.1,21.495,321,208,9,5740,6034,7501,8409,2.49e-11,70.1,42.06,0,1
pes1_protein.fasta,XM_001270325.1,20.504,278,197,6,5223,5499,43,807,6.75e-09,62.0,42.45,0,1
pes1_protein.fasta,XM_001270325.1,22.674,172,111,4,2418,2568,20488,21000,2.00e-08,60.5,44.77,0,1
pes1_protein.fasta,XM_001270325.1,42.857,77,40,3,2596,2670,70,294,2.01e-07,57.0,50.65,0,1
pes1_protein.fasta,XM_001270325.1,36.508,63,40,0,5558,5620,10219,10407,3.00e-04,46.6,55.56,0,1
pes1_protein.fasta,XM_001270090.1,33.712,2732,1688,47,2780,5466,532,8493,0.0,1473,52.78,0,1
pes1_protein.fasta,XM_001270090.1,33.035,2343,1432,47,47,2334,3340,10122,0.0,1251,53.52,0,1
pes1_protein.fasta,XM_001270090.1,30.566,1289,815,31,2596,3840,7780,11538,1.16e-155,547,49.81,0,1
pes1_protein.fasta,XM_001270090.1,29.231,1235,800,29,3459,4667,7123,10683,2.42e-135,480,48.66,0,1
pes1_protein.fasta,XM_001270090.1,28.571,1232,722,33,8,1150,7813,11301,7.66e-125,445,47.65,0,1
pes1_protein.fasta,XM_001270090.1,30.632,950,589,18,2537,3464,3106,5811,3.54e-114,410,48.84,0,1
pes1_protein.fasta,XM_001270090.1,32.633,809,490,13,270,1037,730,3114,2.16e-111,400,53.65,0,1
pes1_protein.fasta,XM_001270090.1,26.773,1001,660,25,1366,2339,2680,5544,3.57e-96,350,46.15,0,1
pes1_protein.fasta,XM_001270090.1,29.752,605,391,10,1747,2339,538,2286,4.40e-65,248,48.26,0,1
pes1_protein.fasta,XM_001270090.1,30.561,481,297,6,5556,6033,10204,11544,4.40e-54,211,47.61,0,1
pes1_protein.fasta,XM_001270090.1,26.269,453,298,12,5558,6008,2353,3609,5.71e-26,118,41.72,0,1
pes1_protein.fasta,XM_001270090.1,26.756,299,188,10,5084,5368,10618,11463,1.28e-14,80.9,42.14,0,1
pes1_protein.fasta,XM_001270090.1,25.762,361,231,18,1341,1687,10453,11466,2.09e-12,73.6,44.60,0,1
pes1_protein.fasta,XM_001270090.1,29.730,74,52,0,5539,5612,5554,5775,0.004,42.7,54.05,0,1
pes1_protein.fasta,XM_001268511.1,31.955,2757,1665,62,2832,5457,733,8763,0.0,1288,51.11,0,1
pes1_protein.fasta,XM_001268511.1,32.555,2227,1365,44,202,2340,3910,10443,0.0,1082,52.27,0,1
pes1_protein.fasta,XM_001268511.1,28.293,1283,832,27,2594,3810,8044,11826,5.68e-138,488,46.38,0,1
pes1_protein.fasta,XM_001268511.1,28.839,1120,727,23,3489,4559,7435,10731,5.38e-127,452,49.29,0,1
pes1_protein.fasta,XM_001268511.1,32.251,893,527,21,24,872,8146,10722,5.36e-113,406,51.51,0,1
pes1_protein.fasta,XM_001268511.1,30.164,852,515,17,270,1055,781,3294,4.90e-97,353,49.06,0,1
pes1_protein.fasta,XM_001268511.1,30.258,813,514,13,2779,3577,3916,6237,1.11e-95,348,49.69,0,1
pes1_protein.fasta,XM_001268511.1,30.945,614,392,12,1747,2339,577,2385,1.93e-72,272,49.35,0,1
pes1_protein.fasta,XM_001268511.1,26.738,1021,628,31,1364,2325,2782,5661,1.80e-71,268,42.51,0,1
pes1_protein.fasta,XM_001268511.1,28.858,499,295,13,5558,6033,10531,11916,1.93e-41,169,45.29,0,1
pes1_protein.fasta,XM_001268511.1,23.979,563,365,17,5569,6111,2494,4053,5.40e-22,105,41.21,0,1
pes1_protein.fasta,XM_001268511.1,28.378,74,53,0,5548,5621,5743,5964,3.83e-04,46.2,54.05,0,1
pes1_protein.fasta,XM_001276711.1,32.208,2251,1373,44,174,2336,1087,7644,0.0,1038,50.02,0,1
pes1_protein.fasta,XM_001276711.1,31.541,2064,1275,40,3484,5466,40,6060,0.0,991,51.21,0,1
pes1_protein.fasta,XM_001276711.1,30.361,2243,1395,52,2596,4739,5341,11865,0.0,972,49.93,0,1
pes1_protein.fasta,XM_001276711.1,28.812,2020,1298,44,2643,4578,8761,14652,0.0,736,46.93,0,1
pes1_protein.fasta,XM_001276711.1,27.239,1362,867,29,3473,4753,4678,8634,3.23e-132,470,47.28,0,1
pes1_protein.fasta,XM_001276711.1,30.344,1104,652,26,47,1082,5500,8664,1.08e-120,432,47.92,0,1
pes1_protein.fasta,XM_001276711.1,28.626,1303,827,31,2592,3827,11896,15696,1.01e-119,429,45.59,0,1
pes1_protein.fasta,XM_001276711.1,27.065,1005,675,20,1369,2333,11344,14304,4.49e-101,367,47.46,0,1
pes1_protein.fasta,XM_001276711.1,28.646,960,622,20,48,964,8770,11589,5.54e-100,363,48.02,0,1
pes1_protein.fasta,XM_001276711.1,31.379,870,532,16,48,877,12064,14598,2.81e-97,354,48.28,0,1
pes1_protein.fasta,XM_001276711.1,28.913,920,597,20,2765,3657,1183,3852,2.41e-88,325,46.41,0,1
pes1_protein.fasta,XM_001276711.1,25.837,1045,699,28,1335,2342,7981,10998,4.63e-85,314,44.02,0,1
pes1_protein.fasta,XM_001276711.1,31.306,444,283,13,5037,5464,11311,12624,5.69e-51,201,52.03,0,1
pes1_protein.fasta,XM_001276711.1,26.245,522,321,11,5558,6066,14392,15804,9.61e-43,174,45.21,0,1
pes1_protein.fasta,XM_001276711.1,26.569,478,302,16,5558,6018,7732,9069,2.59e-25,116,43.51,0,1
pes1_protein.fasta,XM_001276711.1,22.799,443,270,12,5044,5450,8071,9291,2.87e-16,86.3,37.92,0,1
pes1_protein.fasta,XM_001276711.1,24.397,373,233,13,1331,1684,14617,15645,4.39e-12,72.4,40.21,0,1
pes1_protein.fasta,XM_001276711.1,24.096,249,170,8,5740,5975,4945,5673,4.70e-12,72.4,43.78,0,1
pes1_protein.fasta,XM_001276711.1,24.581,179,114,5,2419,2579,8806,9333,8.69e-10,64.7,46.93,0,1
pes1_protein.fasta,XM_001276711.1,30.159,63,44,0,5558,5620,3070,3258,3.55e-06,52.8,65.08,0,1
pes1_protein.fasta,XM_001276711.1,45.455,55,30,0,5558,5612,11059,11223,5.26e-06,52.4,65.45,0,1
pes1_protein.fasta,XM_001276711.1,30.952,84,58,0,5922,6005,808,1059,1.07e-05,51.2,51.19,0,1
pes1_protein.fasta,XM_001276711.1,29.213,89,63,0,5917,6005,12058,12324,0.001,44.3,48.31,0,1
pes1_protein.fasta,XM_001276061.1,30.157,2235,1382,58,2595,4719,3187,9684,0.0,888,48.86,0,1
pes1_protein.fasta,XM_001276061.1,28.508,2024,1251,48,2631,4565,106,5856,0.0,723,46.89,0,1
pes1_protein.fasta,XM_001276061.1,29.683,1041,672,26,1332,2337,2524,5571,3.62e-126,449,50.72,0,1
pes1_protein.fasta,XM_001276061.1,29.943,1052,660,24,2789,3798,7117,10167,4.08e-120,429,48.57,0,1
pes1_protein.fasta,XM_001276061.1,30.552,851,552,13,47,876,3349,5847,2.64e-101,367,50.65,0,1
pes1_protein.fasta,XM_001276061.1,27.970,1069,658,23,44,1042,6622,9702,1.08e-97,355,46.68,0,1
pes1_protein.fasta,XM_001276061.1,30.123,810,494,20,203,960,493,2862,1.10e-97,355,50.62,0,1
pes1_protein.fasta,XM_001276061.1,26.305,1015,659,23,1364,2339,5962,8856,9.36e-90,329,45.71,0,1
pes1_protein.fasta,XM_001276061.1,26.396,788,504,21,1562,2338,34,2202,4.38e-62,238,44.29,0,1
pes1_protein.fasta,XM_001276061.1,29.501,461,296,13,5026,5468,2569,3918,8.93e-45,180,49.24,0,1
pes1_protein.fasta,XM_001276061.1,26.052,499,331,8,5558,6049,8926,10329,5.31e-36,151,43.69,0,1
pes1_protein.fasta,XM_001276061.1,27.055,292,193,9,5072,5355,9325,10164,3.51e-14,79.3,44.18,0,1
pes1_protein.fasta,XM_001276061.1,23.780,328,225,10,5045,5367,5968,6891,1.65e-12,73.9,41.46,0,1
pes1_protein.fasta,XM_001276061.1,25.311,241,156,6,5806,6033,6301,6990,4.32e-11,69.3,43.57,0,1
pes1_protein.fasta,XM_001276061.1,30.000,90,59,2,5914,6003,3337,3594,2.61e-04,46.6,54.44,0,1
pes1_protein.fasta,XM_001276061.1,41.667,48,28,0,5559,5606,2275,2418,0.040,39.3,58.33,0,1
pes1_protein.fasta,XM_001273565.1,35.515,1146,690,23,2831,3958,613,3957,0.0,651,53.14,0,1
pes1_protein.fasta,XM_001273565.1,38.846,641,365,11,251,876,604,2490,2.06e-118,421,55.38,0,1
pes1_protein.fasta,XM_001273565.1,35.163,674,396,12,3919,4579,604,2541,2.82e-102,369,53.26,0,1
pes1_protein.fasta,XM_001273565.1,29.455,550,362,10,1794,2334,613,2211,1.74e-64,245,49.64,0,1
pes1_protein.fasta,XM_001273565.1,30.126,478,296,10,5551,6026,4642,5967,5.53e-53,207,48.95,0,1
pes1_protein.fasta,XM_001273565.1,26.453,688,430,18,3165,3812,3955,5910,5.70e-43,174,42.15,0,1
pes1_protein.fasta,XM_001273565.1,24.945,457,303,7,5554,6009,2275,3528,7.22e-29,127,42.01,0,1
pes1_protein.fasta,XM_001273565.1,28.165,316,195,8,4248,4549,3940,4833,6.67e-25,114,44.30,0,1
pes1_protein.fasta,XM_001273565.1,25.076,331,217,9,5043,5367,2596,3513,2.42e-20,99.8,44.11,0,1
pes1_protein.fasta,XM_001273565.1,25.309,324,203,6,578,876,3937,4866,4.81e-18,92.0,44.14,0,1
pes1_protein.fasta,XM_001273565.1,25.000,328,214,9,1366,1685,2602,3513,1.82e-16,86.7,43.29,0,1
pes1_protein.fasta,XM_001273565.1,25.368,272,178,9,1409,1673,5110,5871,1.80e-12,73.6,45.96,0,1
pes1_protein.fasta,XM_001273565.1,29.091,220,123,8,2419,2614,3292,3924,9.30e-11,67.8,41.82,0,1
pes1_protein.fasta,XM_001275144.1,26.667,1935,1211,53,2845,4715,1345,6717,1.58e-161,561,46.25,0,1
pes1_protein.fasta,XM_001275144.1,28.995,945,594,26,2872,3795,4501,7167,3.99e-91,333,47.62,0,1
pes1_protein.fasta,XM_001275144.1,34.068,590,359,10,294,878,4498,6192,1.33e-85,315,53.39,0,1
pes1_protein.fasta,XM_001275144.1,25.970,1263,794,40,3508,4735,160,3630,5.38e-76,283,42.99,0,1
pes1_protein.fasta,XM_001275144.1,26.829,861,537,20,211,1036,1174,3582,1.12e-69,262,45.30,0,1
pes1_protein.fasta,XM_001275144.1,24.730,1019,644,35,1355,2342,3139,5919,2.68e-58,224,43.47,0,1
pes1_protein.fasta,XM_001275144.1,21.818,880,576,23,1364,2221,148,2517,1.32e-37,156,40.80,0,1
pes1_protein.fasta,XM_001275144.1,29.969,327,186,12,5046,5363,3175,4053,5.70e-27,121,47.40,0,1
pes1_protein.fasta,XM_001275144.1,22.587,518,332,14,5505,6020,2755,4107,4.00e-18,92.4,39.38,0,1
pes1_protein.fasta,XM_001275144.1,23.967,242,179,2,5745,5986,6451,7161,1.42e-13,77.4,42.98,0,1
pes1_protein.fasta,XM_001275144.1,36.508,63,40,0,5558,5620,5983,6171,3.33e-05,49.7,55.56,0,1
pes1_protein.fasta,XM_001273583.1,25.623,1967,1278,53,2849,4758,124,5640,3.81e-157,543,44.84,0,1
pes1_protein.fasta,XM_001273583.1,26.580,997,636,26,2830,3789,3133,5946,2.52e-76,284,43.73,0,1
pes1_protein.fasta,XM_001273583.1,31.826,619,372,14,276,877,3220,4977,5.64e-72,270,50.08,0,1
pes1_protein.fasta,XM_001273583.1,24.774,997,667,31,1366,2348,1933,4716,6.01e-61,233,43.73,0,1
pes1_protein.fasta,XM_001273583.1,25.596,797,475,27,282,1028,154,2340,2.22e-46,185,43.54,0,1
pes1_protein.fasta,XM_001273583.1,23.133,415,283,11,1810,2221,118,1263,2.00e-19,96.7,42.65,0,1
pes1_protein.fasta,XM_001273583.1,23.441,401,258,12,5045,5433,1933,3024,2.32e-15,83.2,42.39,0,1
pes1_protein.fasta,XM_001273583.1,23.898,431,262,12,5550,5972,1609,2727,2.27e-12,73.2,38.52,0,1
pig_a_protein.fasta,XM_001268577.1,90.515,485,46,0,1,485,1,1455,0.0,907,94.64,0,1
pig_a_protein.fasta,XM_001271446.1,27.869,122,79,2,209,324,4333,4689,4.01e-05,45.1,45.08,0,1
pig_a_protein.fasta,XM_001273802.1,28.571,119,76,2,209,321,4390,4737,2.14e-04,42.7,42.02,0,1
pig_a_protein.fasta,XM_001275417.1,29.661,118,74,2,213,324,4369,4713,8.93e-04,40.8,40.68,0,1
pkaC1_protein.fasta,XM_001275500.1,87.531,409,32,2,101,490,1,1227,0.0,716,90.95,0,1
pkaC1_protein.fasta,XM_001274193.1,48.013,302,148,6,176,470,217,1116,1.09e-98,301,69.87,0,1
pkaC1_protein.fasta,XM_001275357.1,42.230,296,162,5,176,466,871,1746,1.08e-75,248,63.18,0,1
pkaC1_protein.fasta,XM_001269519.1,42.173,313,168,8,168,472,1585,2508,1.02e-73,249,63.26,0,1
pkaC1_protein.fasta,XM_001274486.1,38.944,303,176,5,171,467,2335,3234,1.10e-65,228,60.40,0,1
pkaC1_protein.fasta,XM_001271008.1,39.683,315,182,6,148,455,616,1557,7.14e-65,219,57.78,0,1
pkaC1_protein.fasta,XM_001274447.1,35.758,330,167,9,162,453,766,1734,3.16e-60,207,53.03,0,1
pkaC1_protein.fasta,XM_001267697.1,36.330,267,158,4,173,434,340,1119,7.22e-56,190,59.18,0,1
pkaC1_protein.fasta,XM_001268046.1,36.913,298,172,8,175,466,46,909,2.59e-53,187,56.04,0,1
pkaC1_protein.fasta,XM_001272046.1,31.594,345,175,8,168,455,712,1734,1.80e-52,186,51.30,0,1
pkaR_protein.fasta,XM_001271000.1,83.453,417,61,2,1,413,1,1239,0.0,691,89.45,0,1
pkaR_protein.fasta,XM_001272865.1,32.432,74,50,0,321,394,268,489,1.05e-06,49.7,51.35,0,1
pkaR_protein.fasta,XM_001272865.1,27.059,85,51,2,190,274,268,489,0.016,36.2,44.71,0,1
ppoA_protein.fasta,XM_001271947.1,89.518,1078,113,0,1,1078,1,3234,0.0,2041,96.20,0,1
ppoA_protein.fasta,XM_001271207.1,47.911,1077,545,8,2,1071,145,3348,0.0,1056,67.69,0,1
ppoA_protein.fasta,XM_001270526.1,42.899,1028,560,14,60,1071,109,3159,0.0,827,62.35,0,1
ppoB_protein.fasta,XM_001271207.1,58.564,1086,444,4,28,1112,106,3348,0.0,1339,75.32,0,1
ppoB_protein.fasta,XM_001271947.1,49.861,1081,515,11,50,1116,22,3225,0.0,1111,67.90,0,1
ppoB_protein.fasta,XM_001270526.1,41.226,1060,586,16,81,1112,7,3159,0.0,806,59.06,0,1
ppoB_protein.fasta,XM_001273467.1,27.941,68,41,1,1002,1061,1282,1485,0.028,37.0,45.59,0,1
ppoC_protein.fasta,XM_001271207.1,81.818,1122,198,3,1,1121,1,3351,0.0,1848,90.82,0,1
ppoC_protein.fasta,XM_001271947.1,49.115,1073,528,7,57,1121,28,3216,0.0,1065,66.64,0,1
ppoC_protein.fasta,XM_001270526.1,43.066,1024,563,14,110,1120,109,3159,0.0,806,60.45,0,1
rasA_protein.fasta,XM_001274415.1,97.183,213,6,0,1,213,1,639,3.01e-147,407,99.06,0,1
rasA_protein.fasta,XM_001267716.1,48.954,239,85,5,9,213,22,729,2.90e-58,182,61.51,0,1
rasA_protein.fasta,XM_001274158.1,46.154,208,107,3,7,213,13,624,2.81e-49,158,64.42,0,1
rasA_protein.fasta,XM_001276084.1,38.037,163,98,2,21,182,58,540,1.04e-34,120,60.74,0,1
rasA_protein.fasta,XM_001274732.1,35.526,152,96,2,21,171,67,519,3.96e-28,103,57.89,0,1
rasA_protein.fasta,XM_001276097.1,33.129,163,107,2,9,170,43,528,8.11e-22,87.8,53.99,0,1
rasA_protein.fasta,XM_001269914.1,30.890,191,127,3,21,207,121,690,8.76e-21,85.5,48.17,0,1
rasA_protein.fasta,XM_001274502.1,30.769,169,105,5,21,177,61,567,5.65e-20,82.8,52.07,0,1
rasA_protein.fasta,XM_001270597.1,34.659,176,86,5,42,188,61,588,5.77e-20,84.0,47.16,0,1
rasA_protein.fasta,XM_001270648.1,30.247,162,99,3,21,169,64,546,1.30e-17,76.3,50.62,0,1
rasB_protein.fasta,XM_001267716.1,93.724,239,15,0,1,239,13,729,1.76e-131,369,96.65,0,1
rasB_protein.fasta,XM_001274415.1,56.044,182,57,2,4,185,25,501,1.25e-52,168,69.78,0,1
rasB_protein.fasta,XM_001274158.1,35.260,173,86,4,16,187,55,498,1.30e-25,98.6,56.07,0,1
rasB_protein.fasta,XM_001276084.1,35.542,166,83,4,16,180,58,486,1.02e-22,90.1,56.63,0,1
rasB_protein.fasta,XM_001274732.1,28.994,169,95,3,16,183,67,501,1.37e-18,79.7,49.70,0,1
rasB_protein.fasta,XM_001270597.1,33.987,153,101,0,33,185,49,507,5.96e-16,73.9,47.71,0,1
rasB_protein.fasta,XM_001276097.1,29.570,186,106,3,3,187,40,525,3.45e-13,65.1,50.00,0,1
rasB_protein.fasta,XM_001269914.1,25.175,143,83,2,42,184,202,558,4.13e-09,53.9,44.76,0,1
rasB_protein.fasta,XM_001274502.1,23.837,172,110,4,16,185,61,519,5.31e-08,50.4,44.19,0,1
rasB_protein.fasta,XM_001272294.1,38.636,44,27,0,53,96,253,384,5.70e-04,38.9,61.36,0,1
rhbA_protein.fasta,XM_001276084.1,96.791,187,6,0,1,187,1,561,8.36e-136,375,97.86,0,1
rhbA_protein.fasta,XM_001274415.1,38.037,163,98,2,20,180,61,546,7.11e-35,120,61.35,0,1
rhbA_protein.fasta,XM_001267716.1,35.593,177,90,3,9,162,25,552,7.42e-31,111,57.63,0,1
rhbA_protein.fasta,XM_001274158.1,35.065,154,96,3,10,162,25,477,2.65e-24,93.6,60.39,0,1
rhbA_protein.fasta,XM_001270648.1,25.654,191,128,5,9,187,31,597,1.46e-17,75.5,49.21,0,1
rhbA_protein.fasta,XM_001271696.1,28.571,168,100,4,7,162,49,528,7.80e-13,63.2,45.24,0,1
rhbA_protein.fasta,XM_001274683.1,22.286,175,122,4,8,169,208,729,7.81e-10,55.5,45.14,0,1
rhbA_protein.fasta,XM_001275839.1,30.476,105,71,2,58,162,265,573,4.61e-09,52.8,57.14,0,1
rhbA_protein.fasta,XM_001267972.1,24.603,126,89,2,10,135,67,426,1.58e-06,45.1,45.24,0,1
sebA_protein.fasta,XM_001271799.1,77.600,625,130,6,1,618,1,1866,0.0,721,86.08,0,1
sebA_protein.fasta,XM_001269744.1,57.407,54,22,1,495,548,16,174,1.18e-14,76.3,79.63,0,1
sebA_protein.fasta,XM_001273954.1,46.591,88,43,3,459,544,1588,1845,2.00e-14,75.1,57.95,0,1
sebA_protein.fasta,XM_001274495.1,60.000,50,19,1,495,544,106,252,3.26e-12,68.6,78.00,0,1
sebA_protein.fasta,XM_001273230.1,46.774,62,32,1,485,546,712,894,1.37e-11,66.2,62.90,0,1
sebA_protein.fasta,XM_001273230.1,35.088,57,36,1,490,546,643,810,2.39e-05,45.8,54.39,0,1
sebA_protein.fasta,XM_001269253.1,44.156,77,42,1,470,546,1234,1461,5.62e-11,63.9,58.44,0,1
sebA_protein.fasta,XM_001273703.1,52.830,53,24,1,490,542,13,168,1.26e-10,63.2,71.70,0,1
sebA_protein.fasta,XM_001276000.1,54.545,55,23,2,486,540,163,321,1.59e-10,63.2,69.09,0,1
sebA_protein.fasta,XM_001275905.1,40.698,86,44,3,469,550,4,252,3.16e-10,62.0,54.65,0,1
sebA_protein.fasta,XM_001270981.1,45.833,72,30,3,472,543,295,483,1.12e-09,60.1,61.11,0,1
sidA_protein.fasta,XM_001267709.1,85.857,502,69,2,1,501,1,1503,0.0,868,92.43,0,1
sidC_protein.fasta,XM_001267710.1,27.257,2836,1800,96,1935,4663,6859,14898,0.0,823,46.33,0,1
sidC_protein.fasta,XM_001267710.1,26.761,2754,1739,84,1454,4102,592,8334,0.0,740,44.34,0,1
sidC_protein.fasta,XM_001267710.1,26.960,2296,1365,78,207,2418,403,6606,7.81e-174,607,44.69,0,1
sidC_protein.fasta,XM_001267710.1,25.367,1770,1151,54,862,2585,7012,11949,2.80e-129,459,44.07,0,1
sidC_protein.fasta,XM_001267710.1,25.783,1214,755,39,218,1396,8473,11781,1.16e-83,308,43.08,0,1
sidC_protein.fasta,XM_001267710.1,24.007,579,369,21,834,1397,11839,13407,6.05e-28,124,43.18,0,1
sidC_protein.fasta,XM_001267710.1,25.519,482,309,18,4192,4649,5284,6651,3.62e-14,79.0,41.91,0,1
sidC_protein.fasta,XM_001273104.1,25.522,3162,1949,118,348,3362,874,9582,3.91e-172,601,42.88,0,1
sidC_protein.fasta,XM_001273104.1,23.247,2710,1709,89,973,3538,10540,17988,3.44e-138,489,41.11,0,1
sidC_protein.fasta,XM_001273104.1,26.828,1901,1138,62,335,2144,4105,9321,2.41e-136,483,44.56,0,1
sidC_protein.fasta,XM_001273104.1,25.485,2166,1347,74,335,2422,12034,17964,1.13e-126,451,42.29,0,1
sidC_protein.fasta,XM_001273104.1,24.098,2328,1519,81,1368,3586,502,7068,9.53e-113,405,41.54,0,1
sidC_protein.fasta,XM_001273104.1,27.049,366,223,13,3752,4094,10540,11574,1.10e-27,123,49.18,0,1
sidC_protein.fasta,XM_001273104.1,24.457,552,368,17,3647,4172,5575,7161,3.67e-25,115,44.20,0,1
sidC_protein.fasta,XM_001273104.1,25.800,469,294,14,3650,4102,13495,14787,3.93e-25,115,42.86,0,1
sidC_protein.fasta,XM_001273104.1,21.678,715,478,27,3594,4274,16585,18585,6.97e-12,71.2,40.00,0,1
sidC_protein.fasta,XM_001273104.1,24.444,270,167,7,3642,3902,8857,9582,6.71e-09,61.6,42.96,0,1
sidC_protein.fasta,XM_001273104.1,22.717,449,303,14,4235,4668,2410,3669,8.70e-09,61.2,39.42,0,1
sidC_protein.fasta,XM_001273104.1,22.713,317,205,13,4207,4508,13495,14370,8.31e-07,54.7,43.85,0,1
sidC_protein.fasta,XM_001275144.1,26.381,2172,1296,78,333,2444,1498,7284,6.63e-133,469,43.92,0,1
sidC_protein.fasta,XM_001275144.1,26.621,1033,654,33,2580,3574,4486,7386,2.25e-73,274,44.82,0,1
sidC_protein.fasta,XM_001275144.1,26.433,942,588,32,2624,3546,1549,4116,3.84e-59,227,43.52,0,1
sidC_protein.fasta,XM_001275144.1,25.914,957,598,34,1464,2403,1423,4011,2.94e-46,184,43.26,0,1
sidC_protein.fasta,XM_001275144.1,22.117,529,382,14,3650,4169,5983,7506,1.06e-16,87.0,39.89,0,1
sidC_protein.fasta,XM_001270325.1,24.230,2142,1359,74,1466,3496,17920,23886,7.11e-131,465,43.32,0,1
sidC_protein.fasta,XM_001270325.1,24.710,2153,1329,72,335,2387,17995,23877,1.13e-118,425,42.03,0,1
sidC_protein.fasta,XM_001270325.1,25.709,1976,1244,62,335,2244,931,6384,8.51e-114,409,42.05,0,1
sidC_protein.fasta,XM_001270325.1,23.438,1681,1112,54,1466,3070,856,5601,1.46e-86,318,43.13,0,1
sidC_protein.fasta,XM_001270325.1,25.743,1278,784,39,958,2166,11809,15354,2.96e-77,288,42.02,0,1
sidC_protein.fasta,XM_001270325.1,23.698,1574,1018,56,2037,3531,16309,20718,2.20e-72,271,41.68,0,1
sidC_protein.fasta,XM_001270325.1,25.136,1106,669,46,335,1389,21262,24255,4.40e-58,224,43.67,0,1
sidC_protein.fasta,XM_001270325.1,23.308,1197,753,41,2046,3177,11773,15063,1.56e-55,216,42.11,0,1
sidC_protein.fasta,XM_001270325.1,25.549,1002,658,35,2623,3580,973,3846,2.43e-52,205,43.51,0,1
sidC_protein.fasta,XM_001270325.1,26.066,610,368,18,335,919,13369,15024,2.11e-43,176,45.08,0,1
sidC_protein.fasta,XM_001270325.1,23.187,1117,722,40,975,2048,7339,10410,4.39e-37,154,39.84,0,1
sidC_protein.fasta,XM_001270325.1,24.545,440,274,14,3212,3623,7348,8577,1.62e-20,100,44.55,0,1
sidC_protein.fasta,XM_001270325.1,23.362,458,290,15,4207,4633,22726,24009,4.31e-16,85.5,41.92,0,1
sidC_protein.fasta,XM_001270325.1,22.925,506,334,18,4207,4680,2398,3843,5.05e-08,58.5,41.11,0,1
sidC_protein.fasta,XM_001270325.1,21.352,281,200,8,975,1249,16465,17262,5.87e-08,58.5,41.64,0,1
sidC_protein.fasta,XM_001270325.1,23.099,355,249,12,4308,4649,11869,12900,8.21e-05,48.1,38.31,0,1
sidC_protein.fasta,XM_001273583.1,25.833,2040,1196,69,330,2296,235,5622,5.61e-128,451,42.06,0,1
sidC_protein.fasta,XM_001273583.1,26.935,995,621,29,2624,3574,3379,6177,4.80e-76,282,43.12,0,1
sidC_protein.fasta,XM_001273583.1,24.344,953,631,24,2608,3548,259,2883,4.50e-60,230,43.44,0,1
sidC_protein.fasta,XM_001273583.1,24.520,938,578,31,1489,2399,253,2757,3.65e-50,197,44.24,0,1
sidC_protein.fasta,XM_001273583.1,23.583,547,358,19,3642,4176,1609,3105,3.17e-20,99.0,42.78,0,1
sidC_protein.fasta,XM_001273583.1,23.385,449,307,16,3674,4109,4843,6117,1.35e-12,73.6,38.08,0,1
sidC_protein.fasta,XM_001276711.1,24.092,2752,1721,97,941,3530,4687,12324,2.73e-127,453,40.37,0,1
sidC_protein.fasta,XM_001276711.1,25.654,1910,1158,65,447,2252,6574,11829,1.09e-118,424,42.93,0,1
sidC_protein.fasta,XM_001276711.1,25.402,1929,1168,70,335,2145,9562,14889,8.27e-100,362,41.63,0,1
sidC_protein.fasta,XM_001276711.1,25.637,1139,655,41,333,1392,12844,15921,1.21e-62,239,41.79,0,1
sidC_protein.fasta,XM_001276711.1,25.530,1085,637,38,2551,3545,12691,15702,4.29e-50,197,40.92,0,1
sidC_protein.fasta,XM_001276711.1,23.310,1124,740,34,2091,3169,124,3264,1.13e-48,193,40.12,0,1
sidC_protein.fasta,XM_001276711.1,22.394,1295,802,41,955,2155,46,3603,2.12e-48,192,39.69,0,1
sidC_protein.fasta,XM_001276711.1,28.651,541,307,20,441,950,1849,3327,1.79e-34,146,44.55,0,1
sidC_protein.fasta,XM_001276711.1,24.396,455,309,11,3636,4073,11017,12327,9.15e-24,110,43.08,0,1
sidC_protein.fasta,XM_001276711.1,22.612,513,312,18,4202,4668,7717,9138,1.10e-17,90.5,41.91,0,1
sidC_protein.fasta,XM_001276711.1,26.250,400,248,15,3677,4054,14473,15597,4.13e-16,85.5,42.75,0,1
sidC_protein.fasta,XM_001276711.1,21.023,352,254,9,3752,4093,100,1113,3.55e-14,79.0,42.61,0,1
sidC_protein.fasta,XM_001276711.1,23.858,394,263,12,3877,4258,5164,6270,1.55e-12,73.6,39.59,0,1
sidC_protein.fasta,XM_001276711.1,25.879,313,195,13,4298,4588,4750,5643,1.58e-08,60.5,40.89,0,1
sidC_protein.fasta,XM_001276711.1,24.507,355,236,11,4298,4641,73,1074,3.70e-07,55.8,41.41,0,1
sidC_protein.fasta,XM_001276711.1,23.684,266,174,9,3649,3902,3067,3813,5.90e-06,51.6,42.48,0,1
sidC_protein.fasta,XM_001270090.1,26.603,1887,1140,65,335,2145,880,6033,1.11e-123,441,43.19,0,1
sidC_protein.fasta,XM_001270090.1,24.203,1975,1241,63,1492,3371,880,6321,7.79e-103,372,40.96,0,1
sidC_protein.fasta,XM_001270090.1,24.318,1612,1001,56,890,2420,7033,11454,1.64e-71,268,40.63,0,1
sidC_protein.fasta,XM_001270090.1,24.035,1373,879,47,2225,3528,7621,11454,4.96e-65,247,42.46,0,1
sidC_protein.fasta,XM_001270090.1,25.717,1046,632,37,2583,3561,799,3702,4.68e-61,234,43.21,0,1
sidC_protein.fasta,XM_001270090.1,26.184,1035,604,40,335,1319,8713,11487,4.91e-53,207,42.61,0,1
sidC_protein.fasta,XM_001270090.1,26.216,473,292,14,3647,4095,2344,3663,1.59e-26,119,43.13,0,1
sidC_protein.fasta,XM_001270090.1,22.595,447,294,12,3647,4070,10201,11454,5.00e-15,81.6,42.06,0,1
sidC_protein.fasta,XM_001270090.1,24.185,368,232,14,4298,4649,7234,8244,6.66e-09,61.6,41.58,0,1
sidC_protein.fasta,XM_001270090.1,18.219,247,167,6,3668,3909,5665,6315,0.025,39.7,39.27,0,1
sidC_protein.fasta,XM_001276061.1,24.920,2183,1369,66,1465,3520,4054,10173,7.40e-116,414,41.18,0,1
sidC_protein.fasta,XM_001276061.1,24.591,2200,1349,79,335,2412,4138,10173,3.01e-115,412,42.09,0,1
sidC_protein.fasta,XM_001276061.1,24.699,2239,1395,82,1492,3598,841,7080,6.47e-114,408,42.30,0,1
sidC_protein.fasta,XM_001276061.1,26.245,1044,583,38,351,1325,7483,10260,2.43e-62,238,43.30,0,1
sidC_protein.fasta,XM_001276061.1,25.860,1017,623,42,327,1304,814,3588,1.55e-50,199,43.07,0,1
sidC_protein.fasta,XM_001276061.1,23.552,1036,672,35,2606,3577,832,3771,4.56e-47,187,41.99,0,1
sidC_protein.fasta,XM_001276061.1,24.088,548,366,15,3647,4172,5635,7194,1.33e-21,103,40.15,0,1
sidC_protein.fasta,XM_001276061.1,24.169,451,311,10,3652,4074,2278,3621,5.68e-19,94.7,42.13,0,1
sidC_protein.fasta,XM_001276061.1,25.666,413,251,17,3678,4063,9010,10161,4.51e-14,78.6,43.83,0,1
sidC_protein.fasta,XM_001276061.1,23.385,449,284,15,4207,4629,5644,6888,6.22e-11,68.2,41.43,0,1
sidC_protein.fasta,XM_001276061.1,24.199,281,173,14,4230,4479,2341,3156,4.00e-07,55.5,46.26,0,1
sidC_protein.fasta,XM_001268511.1,25.378,1919,1161,65,335,2144,931,6201,1.62e-111,400,41.90,0,1
sidC_protein.fasta,XM_001268511.1,23.771,1872,1147,61,1431,3167,781,5961,1.02e-89,328,38.89,0,1
sidC_protein.fasta,XM_001268511.1,24.875,1399,879,51,2220,3528,7876,11826,2.84e-66,251,41.67,0,1
sidC_protein.fasta,XM_001268511.1,24.508,1016,644,36,2584,3530,853,3738,8.58e-57,219,43.60,0,1
sidC_protein.fasta,XM_001268511.1,23.847,1149,746,33,968,2049,7465,10725,5.51e-56,217,42.21,0,1
sidC_protein.fasta,XM_001268511.1,24.409,1057,657,34,321,1323,8965,11871,3.09e-51,201,41.25,0,1
sidC_protein.fasta,XM_001268511.1,24.468,940,560,35,335,1224,4267,6786,2.30e-37,155,42.55,0,1
sidC_protein.fasta,XM_001268511.1,23.111,450,301,13,3647,4072,2452,3738,5.55e-13,75.1,39.78,0,1
sidC_protein.fasta,XM_001268511.1,22.368,456,295,15,3650,4070,10531,11826,1.90e-11,70.1,39.47,0,1
sidC_protein.fasta,XM_001269224.1,25.858,1806,1079,65,348,2049,8689,13638,2.82e-107,387,42.64,0,1
sidC_protein.fasta,XM_001269224.1,23.135,2118,1379,61,1165,3178,7747,13665,6.97e-106,382,40.98,0,1
sidC_protein.fasta,XM_001269224.1,25.284,969,625,26,2609,3530,8650,11400,7.13e-65,246,42.41,0,1
sidC_protein.fasta,XM_001269224.1,28.503,628,369,17,335,932,11926,13659,2.03e-59,228,46.66,0,1
sidC_protein.fasta,XM_001269224.1,28.388,701,436,22,1464,2145,877,2838,7.74e-48,190,46.08,0,1
sidC_protein.fasta,XM_001269224.1,27.896,613,336,21,348,926,997,2619,7.99e-46,183,45.02,0,1
sidC_protein.fasta,XM_001269224.1,25.821,670,429,23,2610,3249,961,2856,1.18e-42,173,43.58,0,1
sidC_protein.fasta,XM_001269224.1,23.485,1056,651,41,967,1950,4063,6975,7.48e-31,134,39.87,0,1
sidC_protein.fasta,XM_001269224.1,24.123,456,291,10,3113,3530,16678,17994,1.86e-23,109,41.01,0,1
sidC_protein.fasta,XM_001269224.1,23.551,535,361,12,3650,4167,10150,11661,3.34e-23,108,41.12,0,1
sidC_protein.fasta,XM_001269224.1,23.570,437,287,11,3642,4042,16630,17907,7.10e-18,91.3,40.73,0,1
sidC_protein.fasta,XM_001269224.1,24.181,397,262,12,3212,3586,4099,5238,1.67e-17,90.1,42.32,0,1
sidC_protein.fasta,XM_001269224.1,22.869,481,327,14,4207,4664,10150,11529,8.77e-14,77.8,40.96,0,1
sidC_protein.fasta,XM_001269224.1,26.027,292,180,13,975,1252,15097,15906,6.46e-11,68.2,45.21,0,1
sidC_protein.fasta,XM_001269224.1,21.536,534,335,23,1953,2437,16546,18042,1.75e-05,50.1,39.70,0,1
sidC_protein.fasta,XM_001269224.1,27.907,172,100,6,2091,2253,15115,15585,3.59e-05,49.3,45.35,0,1
sidD_protein.fasta,XM_001273565.1,69.510,2040,587,9,35,2053,49,6126,0.0,2867,82.25,0,1
sidD_protein.fasta,XM_001273104.1,35.472,1122,673,18,209,1310,11833,15105,0.0,679,55.79,0,1
sidD_protein.fasta,XM_001273104.1,32.481,1056,664,18,145,1177,14869,17958,4.11e-149,516,50.19,0,1
sidD_protein.fasta,XM_001273104.1,30.597,1206,744,32,181,1329,3820,7329,1.34e-133,468,48.76,0,1
sidD_protein.fasta,XM_001273104.1,29.797,1131,716,25,210,1295,637,3930,3.39e-127,447,49.34,0,1
sidD_protein.fasta,XM_001273104.1,33.180,871,521,18,169,1018,7102,9594,6.64e-115,408,50.52,0,1
sidD_protein.fasta,XM_001273104.1,31.339,769,447,21,1261,2000,15877,18027,3.21e-84,308,48.89,0,1
sidD_protein.fasta,XM_001273104.1,25.916,737,472,20,1326,2040,12832,14886,1.10e-51,201,43.28,0,1
sidD_protein.fasta,XM_001273104.1,24.640,694,441,21,1326,1982,1645,3591,3.04e-37,153,42.51,0,1
sidD_protein.fasta,XM_001273104.1,23.324,716,471,21,1326,1997,4894,6939,4.84e-34,143,43.16,0,1
sidD_protein.fasta,XM_001273104.1,24.838,463,305,12,875,1307,10546,11895,1.61e-25,115,41.68,0,1
sidD_protein.fasta,XM_001273104.1,24.074,540,320,17,1326,1834,8194,9636,7.55e-22,102,41.85,0,1
sidD_protein.fasta,XM_001270325.1,34.908,1143,686,21,214,1323,17806,21159,0.0,660,54.33,0,1
sidD_protein.fasta,XM_001270325.1,33.233,999,626,17,204,1177,21040,23988,5.04e-155,535,52.45,0,1
sidD_protein.fasta,XM_001270325.1,30.488,1148,710,29,210,1307,733,4062,4.33e-124,437,48.08,0,1
sidD_protein.fasta,XM_001270325.1,32.716,810,482,17,157,949,13012,15303,1.71e-115,410,53.33,0,1
sidD_protein.fasta,XM_001270325.1,31.062,866,541,18,176,1018,3898,6396,1.43e-108,387,51.04,0,1
sidD_protein.fasta,XM_001270325.1,29.355,729,445,20,1326,2020,22045,24123,8.28e-81,297,48.15,0,1
sidD_protein.fasta,XM_001270325.1,27.451,663,425,17,185,834,8554,10413,5.33e-54,209,47.66,0,1
sidD_protein.fasta,XM_001270325.1,25.035,723,439,22,1326,2001,18787,20787,1.86e-43,174,42.74,0,1
sidD_protein.fasta,XM_001270325.1,26.906,695,413,29,1324,1969,1705,3651,3.19e-34,144,42.45,0,1
sidD_protein.fasta,XM_001270325.1,24.254,536,316,19,1326,1835,14158,15573,1.01e-23,109,42.91,0,1
sidD_protein.fasta,XM_001270325.1,24.544,493,311,16,873,1326,11866,13278,1.22e-21,102,40.97,0,1
sidD_protein.fasta,XM_001270325.1,27.108,332,211,9,1326,1647,9544,10476,1.87e-21,101,46.08,0,1
sidD_protein.fasta,XM_001270325.1,22.735,563,345,19,1302,1832,4918,6432,2.79e-20,97.8,41.92,0,1
sidD_protein.fasta,XM_001270325.1,25.648,386,255,11,829,1190,16312,17445,1.78e-19,95.1,42.23,0,1
sidD_protein.fasta,XM_001270325.1,22.289,498,341,11,873,1337,7333,8787,1.40e-18,92.0,40.16,0,1
sidD_protein.fasta,XM_001269224.1,35.509,1149,689,23,210,1326,8452,11838,0.0,652,53.44,0,1
sidD_protein.fasta,XM_001269224.1,35.607,733,429,13,207,934,751,2835,2.50e-115,409,53.62,0,1
sidD_protein.fasta,XM_001269224.1,36.321,647,382,11,207,832,11719,13632,1.29e-113,404,55.80,0,1
sidD_protein.fasta,XM_001269224.1,31.351,555,341,13,210,744,5374,6978,1.68e-68,256,53.33,0,1
sidD_protein.fasta,XM_001269224.1,31.758,529,324,9,1543,2036,16594,18174,7.66e-54,208,46.88,0,1
sidD_protein.fasta,XM_001269224.1,26.124,467,305,8,757,1183,16606,18006,3.35e-38,157,44.97,0,1
sidD_protein.fasta,XM_001269224.1,25.588,680,451,21,1326,1980,9454,11403,1.70e-36,151,43.68,0,1
sidD_protein.fasta,XM_001269224.1,26.393,341,202,8,1326,1647,1744,2676,4.88e-24,110,44.57,0,1
sidD_protein.fasta,XM_001269224.1,26.606,327,213,10,875,1178,15097,16065,4.03e-20,97.4,43.73,0,1
sidD_protein.fasta,XM_001269224.1,20.758,501,357,15,848,1322,4006,5466,2.86e-16,84.7,40.12,0,1
sidD_protein.fasta,XM_001269224.1,28.395,243,154,5,1043,1281,7027,7707,1.28e-15,82.4,43.62,0,1
sidD_protein.fasta,XM_001269224.1,25.652,230,124,8,1326,1529,6352,6978,6.36e-11,67.0,43.48,0,1
sidD_protein.fasta,XM_001276711.1,34.421,1165,680,25,211,1326,6085,9474,3.81e-173,590,52.62,0,1
sidD_protein.fasta,XM_001276711.1,33.075,1034,638,18,186,1177,12580,15645,1.71e-138,483,50.58,0,1
sidD_protein.fasta,XM_001276711.1,29.910,1227,758,31,150,1313,9181,12744,5.71e-130,456,46.05,0,1
sidD_protein.fasta,XM_001276711.1,34.638,843,495,19,207,1018,1372,3825,9.80e-117,414,53.14,0,1
sidD_protein.fasta,XM_001276711.1,25.414,724,476,19,1326,2009,13642,15741,9.90e-52,201,42.96,0,1
sidD_protein.fasta,XM_001276711.1,26.174,703,448,18,1326,1995,7084,9078,9.21e-49,191,44.52,0,1
sidD_protein.fasta,XM_001276711.1,26.875,480,310,11,840,1293,4,1398,1.45e-47,187,46.04,0,1
sidD_protein.fasta,XM_001276711.1,27.917,677,385,23,1326,1949,10360,12240,1.35e-42,171,42.84,0,1
sidD_protein.fasta,XM_001276711.1,24.665,523,312,19,854,1326,4720,6192,1.77e-24,111,42.07,0,1
sidD_protein.fasta,XM_001276711.1,27.439,328,196,9,1326,1634,2371,3285,9.32e-24,109,45.12,0,1
sidD_protein.fasta,XM_001276061.1,33.616,1178,716,27,163,1299,3817,7275,3.68e-169,577,52.12,0,1
sidD_protein.fasta,XM_001276061.1,31.767,1064,653,21,207,1225,7228,10335,4.69e-135,471,48.50,0,1
sidD_protein.fasta,XM_001276061.1,28.033,1195,774,26,165,1307,511,3993,2.79e-113,402,45.10,0,1
sidD_protein.fasta,XM_001276061.1,28.270,711,439,22,1324,1998,8233,10260,3.11e-60,229,47.68,0,1
sidD_protein.fasta,XM_001276061.1,27.109,723,428,23,1322,1994,4918,6939,2.60e-44,177,42.88,0,1
sidD_protein.fasta,XM_001276061.1,25.931,725,420,27,1316,1977,1597,3609,1.72e-33,141,42.48,0,1
sidD_protein.fasta,XM_001268511.1,33.333,1170,726,21,166,1293,610,4083,5.30e-165,565,50.60,0,1
sidD_protein.fasta,XM_001268511.1,31.498,1035,627,21,204,1177,8785,11826,1.29e-131,461,50.24,0,1
sidD_protein.fasta,XM_001268511.1,37.555,679,391,13,175,832,3961,5961,1.98e-116,412,55.52,0,1
sidD_protein.fasta,XM_001268511.1,26.539,731,479,17,1319,2009,9784,11922,2.30e-58,223,45.42,0,1
sidD_protein.fasta,XM_001268511.1,26.008,719,463,21,1326,2001,1729,3807,1.31e-44,177,42.56,0,1
sidD_protein.fasta,XM_001268511.1,30.671,313,185,7,1326,1623,5068,5955,1.91e-30,131,49.52,0,1
sidD_protein.fasta,XM_001268511.1,22.127,583,363,18,848,1356,7402,9099,3.87e-16,84.0,38.77,0,1
sidD_protein.fasta,XM_001270090.1,32.766,1117,703,19,208,1297,673,3960,3.50e-164,562,51.39,0,1
sidD_protein.fasta,XM_001270090.1,32.632,1045,634,22,206,1210,8503,11547,2.13e-141,492,51.67,0,1
sidD_protein.fasta,XM_001270090.1,34.615,832,499,12,206,1023,3919,6321,9.89e-136,474,53.85,0,1
sidD_protein.fasta,XM_001270090.1,27.504,709,454,18,1319,1998,9484,11517,4.42e-65,245,45.84,0,1
sidD_protein.fasta,XM_001270090.1,26.629,706,430,20,1326,1992,1672,3642,3.07e-45,180,41.50,0,1
sidD_protein.fasta,XM_001270090.1,25.556,450,296,10,869,1297,7249,8544,1.49e-24,111,40.67,0,1
sidD_protein.fasta,XM_001270090.1,26.519,362,212,11,1291,1624,4789,5796,2.43e-24,111,44.20,0,1
sidD_protein.fasta,XM_001270090.1,25.271,277,179,6,1718,1981,7417,8202,1.16e-09,62.8,38.63,0,1
sidD_protein.fasta,XM_001268512.1,32.219,987,613,25,214,1170,121,3003,6.22e-132,442,50.76,0,1
sidD_protein.fasta,XM_001268512.1,26.588,677,425,25,1319,1962,1066,2979,6.49e-41,164,42.39,0,1
sidD_protein.fasta,XM_001267710.1,28.986,966,612,26,249,1178,3817,6600,9.85e-94,339,47.10,0,1
sidD_protein.fasta,XM_001267710.1,27.833,1006,651,27,217,1179,8587,11508,6.11e-86,313,44.93,0,1
sidD_protein.fasta,XM_001267710.1,27.711,1079,650,33,240,1261,574,3591,1.84e-79,292,45.78,0,1
sidD_protein.fasta,XM_001267710.1,23.259,718,470,25,1310,1994,4636,6645,1.87e-32,137,42.76,0,1
sidD_protein.fasta,XM_001267710.1,27.727,440,281,14,787,1205,11941,13212,3.97e-27,120,44.55,0,1
sidD_protein.fasta,XM_001267710.1,22.132,741,431,26,1304,1994,1465,3399,1.59e-20,98.6,39.68,0,1
sidD_protein.fasta,XM_001267710.1,24.211,285,193,6,1539,1820,13489,14283,3.20e-08,58.2,41.05,0,1
sidD_protein.fasta,XM_001267710.1,21.767,317,204,11,1708,1999,7420,8313,5.95e-06,50.4,39.12,0,1


