acuM_protein.fasta,XM_750472.1,95.179,643,15,3,1,627,1,1929,0.0,1164,95.65,0,1
acuM_protein.fasta,GU290314.1,100.000,453,0,0,175,627,1,1359,0.0,863,100.00,0,1
acuM_protein.fasta,XM_744619.1,21.739,184,104,1,457,600,1279,1830,1.60e-11,66.6,40.76,0,1
acuM_protein.fasta,XM_744619.1,42.857,63,32,2,197,258,193,372,5.30e-08,55.1,57.14,0,1
acuM_protein.fasta,XM_001481481.1,45.455,55,29,1,191,244,52,216,7.65e-09,57.8,65.45,0,1
acuM_protein.fasta,XM_745902.1,32.927,82,50,2,136,217,406,636,2.29e-04,43.5,47.56,0,1
acuM_protein.fasta,XM_748572.1,37.255,51,32,0,171,221,10,162,2.53e-04,43.1,52.94,0,1
acuM_protein.fasta,AL807577.1,32.927,82,50,2,136,217,21511,21281,6.27e-04,42.4,47.56,0,-2
acuM_protein.fasta,AJ582911.1,45.161,31,17,0,192,222,2272,2364,0.001,41.6,64.52,0,1
acuM_protein.fasta,XM_746520.1,27.907,129,68,6,159,267,82,453,0.001,41.2,44.19,0,1
acuM_protein.fasta,XM_749329.1,40.000,60,27,2,166,216,103,282,0.001,41.2,53.33,0,1
ags3_protein.fasta,XM_747819.1,100.000,2412,0,0,1,2412,1,7236,0.0,4819,100.00,0,1
ags3_protein.fasta,XM_750367.1,54.527,2441,1027,21,22,2412,55,7278,0.0,2667,70.87,0,1
ags3_protein.fasta,XM_743319.1,55.419,2445,993,30,22,2412,55,7260,0.0,2618,70.02,0,1
ags3_protein.fasta,AF432352.1,51.149,2350,999,25,179,2412,791,7741,0.0,2314,67.06,0,2
ags3_protein.fasta,AF432352.1,72.727,99,27,0,22,120,148,444,2.31e-58,162,83.84,0,1
ags3_protein.fasta,AF432352.1,61.667,60,23,0,120,179,552,731,2.31e-58,84.7,75.00,0,3
ags3_protein.fasta,AF435120.1,53.241,2175,906,29,120,2226,1368,7763,0.0,2202,68.14,0,3
ags3_protein.fasta,AF435120.1,64.327,171,60,1,2226,2395,7814,8326,3.77e-58,217,75.44,0,2
ags3_protein.fasta,AF435120.1,68.750,16,5,0,2397,2412,8389,8436,3.77e-58,29.3,87.50,0,1
ags3_protein.fasta,AF435120.1,71.287,101,27,1,22,120,1012,1314,1.04e-40,166,85.15,0,1
ags3_protein.fasta,XM_750586.1,31.624,117,71,3,101,211,175,516,3.36e-10,64.3,52.14,0,1
ags3_protein.fasta,XM_743318.1,32.800,125,69,3,66,182,106,459,3.22e-09,61.2,48.00,0,1
ags3_protein.fasta,XM_746720.1,28.986,138,78,5,58,188,61,435,3.79e-07,54.3,47.83,0,1
alb1_protein.fasta,XM_751002.1,100.000,2146,0,0,1,2146,1,6438,0.0,4289,100.00,0,1
alb1_protein.fasta,FJ406468.1,99.913,1145,1,0,192,1336,658,4092,0.0,2360,100.00,0,1
alb1_protein.fasta,FJ406468.1,99.643,560,2,0,1587,2146,4971,6650,0.0,999,100.00,0,3
alb1_protein.fasta,FJ406468.1,100.000,252,0,0,1337,1588,4148,4903,2.88e-157,538,100.00,0,2
alb1_protein.fasta,FJ406468.1,100.000,96,0,0,97,192,326,613,1.15e-105,202,100.00,0,2
alb1_protein.fasta,FJ406468.1,98.913,92,1,0,5,96,3,278,1.15e-105,202,100.00,0,3
alb1_protein.fasta,FJ406467.1,99.913,1145,1,0,192,1336,639,4073,0.0,2360,100.00,0,3
alb1_protein.fasta,FJ406467.1,99.464,560,3,0,1587,2146,4952,6631,0.0,996,99.82,0,2
alb1_protein.fasta,FJ406467.1,100.000,252,0,0,1337,1588,4129,4884,2.74e-157,538,100.00,0,1
alb1_protein.fasta,FJ406467.1,100.000,96,0,0,97,192,307,594,5.00e-101,202,100.00,0,1
alb1_protein.fasta,FJ406467.1,98.837,86,1,0,11,96,2,259,5.00e-101,186,100.00,0,2
alb1_protein.fasta,FJ406466.1,99.913,1145,1,0,192,1336,646,4080,0.0,2360,100.00,0,1
alb1_protein.fasta,FJ406466.1,100.000,457,0,0,1679,2135,5234,6604,0.0,860,100.00,0,2
alb1_protein.fasta,FJ406466.1,100.000,252,0,0,1337,1588,4136,4891,0.0,538,100.00,0,2
alb1_protein.fasta,FJ406466.1,97.826,92,2,0,1587,1678,4959,5234,0.0,121,100.00,0,3
alb1_protein.fasta,FJ406466.1,100.000,96,0,0,97,192,314,601,1.58e-102,202,100.00,0,2
alb1_protein.fasta,FJ406466.1,98.864,88,1,0,9,96,3,266,1.58e-102,191,100.00,0,3
alb1_protein.fasta,FJ406466.1,44.898,49,27,0,1793,1841,5204,5350,0.003,42.4,61.22,0,2
alb1_protein.fasta,FJ406465.1,99.913,1145,1,0,192,1336,620,4054,0.0,2360,100.00,0,2
alb1_protein.fasta,FJ406465.1,93.750,560,35,0,1587,2146,4933,6612,0.0,918,94.11,0,1
alb1_protein.fasta,FJ406465.1,100.000,239,0,0,1337,1575,4110,4826,0.0,513,100.00,0,3
alb1_protein.fasta,FJ406465.1,100.000,96,0,0,97,192,288,575,1.36e-97,202,100.00,0,3
alb1_protein.fasta,FJ406465.1,98.750,80,1,0,17,96,1,240,1.36e-97,175,100.00,0,1
alb1_protein.fasta,FJ406464.1,99.913,1145,1,0,192,1336,627,4061,0.0,2360,100.00,0,3
alb1_protein.fasta,FJ406464.1,99.628,537,2,0,1587,2123,4940,6550,0.0,952,100.00,0,2
alb1_protein.fasta,FJ406464.1,100.000,252,0,0,1337,1588,4117,4872,0.0,538,100.00,0,1
alb1_protein.fasta,FJ406464.1,100.000,96,0,0,97,192,295,582,1.40e-98,202,100.00,0,1
alb1_protein.fasta,FJ406464.1,98.780,82,1,0,15,96,2,247,1.40e-98,178,100.00,0,2
alb1_protein.fasta,FJ406463.1,99.913,1145,1,0,192,1336,640,4074,0.0,2360,100.00,0,1
alb1_protein.fasta,FJ406463.1,99.464,560,3,0,1587,2146,4953,6632,0.0,998,100.00,0,3
alb1_protein.fasta,FJ406463.1,100.000,252,0,0,1337,1588,4130,4885,2.69e-157,538,100.00,0,2
alb1_protein.fasta,FJ406463.1,100.000,96,0,0,97,192,308,595,5.00e-101,202,100.00,0,2
alb1_protein.fasta,FJ406463.1,98.837,86,1,0,11,96,3,260,5.00e-101,186,100.00,0,3
alb1_protein.fasta,AF025541.1,99.913,1145,1,0,192,1336,1265,4699,0.0,2360,100.00,0,2
alb1_protein.fasta,AF025541.1,99.464,560,3,0,1587,2146,5578,7257,0.0,997,99.82,0,1
alb1_protein.fasta,AF025541.1,100.000,252,0,0,1337,1588,4755,5510,0.0,538,100.00,0,3
alb1_protein.fasta,AF025541.1,98.958,96,1,0,1,96,598,885,9.04e-107,207,100.00,0,1
alb1_protein.fasta,AF025541.1,98.958,96,1,0,97,192,933,1220,9.04e-107,201,100.00,0,3
alb1_protein.fasta,Y17317.1,99.738,1145,3,0,192,1336,1206,4640,0.0,2356,99.83,0,3
alb1_protein.fasta,Y17317.1,99.464,560,3,0,1587,2146,5519,7198,0.0,997,99.82,0,2
alb1_protein.fasta,Y17317.1,100.000,252,0,0,1337,1588,4696,5451,0.0,538,100.00,0,1
alb1_protein.fasta,Y17317.1,97.917,96,2,0,1,96,539,826,2.18e-106,206,100.00,0,2
alb1_protein.fasta,Y17317.1,98.958,96,1,0,97,192,874,1161,2.18e-106,201,100.00,0,1
alb1_protein.fasta,XM_746284.1,39.863,1756,983,30,21,1719,118,5337,0.0,1228,57.86,0,1
alb1_protein.fasta,XM_746284.1,33.333,84,55,1,1758,1841,5083,5331,6.07e-06,50.8,58.33,0,1
areA_protein.fasta,XM_742787.1,100.000,881,0,0,1,881,1,2643,0.0,1520,100.00,0,1
areA_protein.fasta,XM_750578.1,78.049,41,9,0,680,720,76,198,1.41e-14,75.1,82.93,0,1
areA_protein.fasta,XM_748430.1,58.537,41,17,0,680,720,784,906,4.70e-12,68.6,75.61,0,1
areA_protein.fasta,XM_748430.1,50.000,50,17,1,680,729,334,459,1.89e-06,50.4,56.00,0,1
cat1_protein.fasta,XM_743457.1,100.000,728,0,0,1,728,1,2184,0.0,1372,100.00,0,1
cat1_protein.fasta,Y07763.1,100.000,307,0,0,422,728,1940,2860,0.0,528,100.00,0,2
cat1_protein.fasta,Y07763.1,88.542,192,0,1,1,170,362,937,0.0,304,88.54,0,2
cat1_protein.fasta,Y07763.1,97.887,142,3,0,170,311,984,1409,0.0,303,98.59,0,3
cat1_protein.fasta,Y07763.1,96.774,62,2,0,365,426,1710,1895,0.0,134,98.39,0,3
cat1_protein.fasta,Y07763.1,98.214,56,1,0,309,364,1486,1653,0.0,116,100.00,0,1
cat1_protein.fasta,U97574.1,100.000,307,0,0,422,728,1989,2909,0.0,528,100.00,0,3
cat1_protein.fasta,U97574.1,97.887,142,3,0,170,311,1033,1458,0.0,303,98.59,0,1
cat1_protein.fasta,U97574.1,87.500,192,2,1,1,170,411,986,0.0,299,87.50,0,3
cat1_protein.fasta,U97574.1,96.774,62,2,0,365,426,1759,1944,0.0,134,98.39,0,1
cat1_protein.fasta,U97574.1,98.214,56,1,0,309,364,1535,1702,0.0,116,100.00,0,2
cat1_protein.fasta,U87850.1,99.023,307,3,0,422,728,2439,3359,0.0,522,99.35,0,3
cat1_protein.fasta,U87850.1,86.547,223,2,1,170,364,1485,2153,0.0,396,86.55,0,3
cat1_protein.fasta,U87850.1,88.021,192,1,1,1,170,863,1438,0.0,300,88.02,0,2
cat1_protein.fasta,U87850.1,96.774,62,2,0,365,426,2209,2394,0.0,134,98.39,0,1
cat1_protein.fasta,XM_742595.1,49.786,468,233,2,75,541,196,1596,4.40e-140,428,63.68,0,1
cat1_protein.fasta,U87630.1,43.875,351,195,2,192,541,1229,2278,4.39e-108,289,59.54,0,2
cat1_protein.fasta,U87630.1,65.714,105,36,0,87,191,864,1178,4.39e-108,122,74.29,0,3
cat1_protein.fasta,KU575863.1,81.119,143,5,1,56,176,2,430,1.15e-70,192,82.52,0,2
cat1_protein.fasta,KU575863.1,97.727,44,1,0,170,213,459,590,1.15e-70,94.0,97.73,0,3
cat1_protein.fasta,KU575856.1,81.119,143,5,1,56,176,2,430,1.15e-70,192,82.52,0,2
cat1_protein.fasta,KU575856.1,97.727,44,1,0,170,213,459,590,1.15e-70,94.0,97.73,0,3
cat1_protein.fasta,KU575842.1,81.119,143,5,1,56,176,2,430,1.15e-70,192,82.52,0,2
cat1_protein.fasta,KU575842.1,97.727,44,1,0,170,213,459,590,1.15e-70,94.0,97.73,0,3
cat1_protein.fasta,KU575835.1,81.119,143,5,1,56,176,2,430,1.15e-70,192,82.52,0,2
cat1_protein.fasta,KU575835.1,97.727,44,1,0,170,213,459,590,1.15e-70,94.0,97.73,0,3
cat2_protein.fasta,AY125354.1,100.000,759,0,0,1,759,1210,3486,0.0,1533,100.00,0,1
cat2_protein.fasta,XM_741946.1,100.000,759,0,0,1,759,1,2277,0.0,1533,100.00,0,1
cat2_protein.fasta,XM_746140.1,29.545,176,81,4,252,427,394,792,2.95e-14,73.6,42.05,0,1
cat2_protein.fasta,XM_746140.1,33.846,130,81,2,61,190,16,390,2.32e-09,58.9,50.77,0,1
cat2_protein.fasta,XM_746140.1,25.532,282,177,10,467,744,43,801,4.38e-07,51.6,39.72,0,1
cat2_protein.fasta,XM_746821.1,28.679,265,148,14,484,744,361,1044,8.21e-11,63.5,44.15,0,1
cat2_protein.fasta,XM_746821.1,35.593,118,72,2,61,178,280,621,1.30e-08,56.6,52.54,0,1
cgrA_protein.fasta,XM_741839.1,100.000,95,0,0,1,95,1,285,4.13e-33,110,100.00,0,1
cgrA_protein.fasta,AY008837.1,100.000,74,0,0,1,74,77,298,2.64e-31,110,100.00,0,2
chsC_protein.fasta,XM_743170.1,99.646,848,2,1,1,848,1,2541,0.0,1637,99.65,0,1
chsC_protein.fasta,X94245.1,92.545,778,4,3,170,893,1332,3665,0.0,1368,92.67,0,3
chsC_protein.fasta,X94245.1,100.000,137,0,0,32,168,866,1276,1.52e-84,286,100.00,0,2
chsC_protein.fasta,X94245.1,100.000,20,0,0,1,20,724,783,1.52e-84,46.6,100.00,0,1
chsC_protein.fasta,XM_749091.1,75.601,791,189,3,106,893,364,2733,0.0,1187,86.22,0,1
chsC_protein.fasta,U39479.1,75.221,791,192,3,106,893,704,3073,0.0,1179,85.97,0,2
chsC_protein.fasta,U39478.1,84.762,420,47,1,170,572,1453,2712,0.0,761,91.19,0,1
chsC_protein.fasta,U39478.1,61.053,285,109,2,565,848,2762,3613,0.0,269,75.44,0,2
chsC_protein.fasta,U39478.1,66.667,66,20,1,105,168,1176,1373,0.0,89.0,75.76,0,3
chsC_protein.fasta,U39478.1,53.191,47,22,0,847,893,3661,3801,0.0,64.3,80.85,0,1
chsC_protein.fasta,X94244.1,84.048,420,50,1,170,572,1314,2573,0.0,755,90.71,0,3
chsC_protein.fasta,X94244.1,61.053,285,109,2,565,848,2623,3474,0.0,269,75.44,0,1
chsC_protein.fasta,X94244.1,66.667,66,20,1,105,168,1036,1233,0.0,89.0,75.76,0,1
chsC_protein.fasta,X94244.1,53.191,47,22,0,847,893,3522,3662,0.0,64.3,80.85,0,3
chsC_protein.fasta,XM_744229.1,43.924,790,369,24,116,881,439,2658,0.0,576,61.27,0,1
chsC_protein.fasta,XM_741511.1,39.949,781,410,17,109,880,853,3045,7.80e-173,529,59.03,0,1
chsC_protein.fasta,DQ438729.1,92.188,64,5,0,170,233,287,478,9.89e-51,131,96.88,0,2
chsC_protein.fasta,DQ438729.1,67.692,65,19,1,106,168,13,207,9.89e-51,89.0,76.92,0,1
chsC_protein.fasta,DQ438694.1,92.188,64,5,0,170,233,295,486,1.23e-50,131,96.88,0,1
chsC_protein.fasta,DQ438694.1,67.692,65,19,1,106,168,21,215,1.23e-50,88.6,76.92,0,3
chsG_protein.fasta,XM_749091.1,100.000,911,0,0,1,911,1,2733,0.0,1811,100.00,0,1
chsG_protein.fasta,U39479.1,99.561,911,4,0,1,911,341,3073,0.0,1801,99.78,0,2
chsG_protein.fasta,XM_743170.1,76.944,746,168,3,122,866,313,2541,0.0,1153,86.46,0,1
chsG_protein.fasta,X94245.1,70.860,779,171,5,188,911,1332,3665,0.0,1090,80.62,0,3
chsG_protein.fasta,X94245.1,67.692,65,19,1,122,186,1088,1276,9.85e-18,87.8,76.92,0,2
chsG_protein.fasta,U39478.1,95.714,420,1,1,188,590,1453,2712,0.0,837,95.71,0,1
chsG_protein.fasta,U39478.1,98.592,284,4,0,583,866,2762,3613,0.0,494,98.94,0,2
chsG_protein.fasta,U39478.1,91.620,179,9,2,29,207,900,1418,8.10e-98,312,93.85,0,3
chsG_protein.fasta,U39478.1,100.000,27,0,0,1,27,751,831,8.10e-98,64.7,100.00,0,1
chsG_protein.fasta,U39478.1,100.000,45,0,0,867,911,3667,3801,4.20e-21,99.0,100.00,0,1
chsG_protein.fasta,X94244.1,95.000,420,4,1,188,590,1314,2573,0.0,832,95.24,0,3
chsG_protein.fasta,X94244.1,100.000,158,0,0,29,186,760,1233,0.0,309,100.00,0,1
chsG_protein.fasta,X94244.1,98.592,284,4,0,583,866,2623,3474,1.22e-162,494,98.94,0,1
chsG_protein.fasta,X94244.1,100.000,45,0,0,867,911,3528,3662,1.22e-162,99.0,100.00,0,3
chsG_protein.fasta,X94244.1,100.000,27,0,0,1,27,611,691,1.51e-10,64.3,100.00,0,2
chsG_protein.fasta,XM_744229.1,40.940,894,408,29,39,899,238,2658,0.0,591,57.27,0,1
chsG_protein.fasta,XM_741511.1,43.229,768,376,19,139,895,880,3036,0.0,573,61.33,0,1
chsG_protein.fasta,DQ438696.1,100.000,69,0,0,118,186,7,213,2.58e-51,127,100.00,0,1
chsG_protein.fasta,DQ438696.1,100.000,43,0,0,188,230,294,422,2.58e-51,95.1,100.00,0,3
chsG_protein.fasta,DQ438731.1,98.462,65,1,0,188,252,294,488,6.03e-39,141,100.00,0,3
chsG_protein.fasta,DQ438731.1,82.955,88,9,2,120,207,14,259,4.34e-34,127,87.50,0,2
cnaA_protein.fasta,XM_748610.1,100.000,534,0,0,1,534,73,1674,0.0,1048,100.00,0,1
cnaA_protein.fasta,KJ527082.1,89.474,171,0,1,16,168,141,653,1.20e-107,320,89.47,0,3
cnaA_protein.fasta,XM_745151.1,38.489,278,158,2,50,327,73,867,1.11e-68,223,62.59,0,1
cnaA_protein.fasta,XM_745878.1,37.931,319,182,5,20,336,25,939,1.38e-65,215,56.11,0,1
cnaA_protein.fasta,XM_748419.1,38.790,281,158,3,46,325,103,906,1.05e-61,205,57.30,0,1
cnaA_protein.fasta,XM_748870.1,38.562,306,165,7,46,342,523,1398,1.45e-60,206,55.56,0,1
cnaA_protein.fasta,XM_744434.1,38.406,276,153,3,54,327,613,1395,1.02e-57,200,59.06,0,1
cnaA_protein.fasta,DQ988051.2,39.689,257,138,3,54,308,712,1437,2.26e-53,190,59.53,0,1
cnaA_protein.fasta,XM_745937.2,37.327,217,122,4,111,326,466,1077,1.24e-38,144,58.53,0,1
cnaA_protein.fasta,XM_745937.2,37.255,51,32,0,54,104,97,249,1.57e-06,49.7,62.75,0,1
cnaA_protein.fasta,XM_748357.2,41.243,177,97,4,36,209,46,564,1.87e-33,132,60.45,0,1
cnaA_protein.fasta,XM_748357.2,36.232,138,68,4,194,328,820,1182,7.54e-17,82.4,52.90,0,1
cpcA_protein.fasta,XM_746491.1,100.000,252,0,0,1,252,1,756,2.03e-141,395,100.00,0,1
cpcA_protein.fasta,AF323678.1,93.680,269,0,1,1,252,113,919,6.01e-134,385,93.68,0,2
cpcA_protein.fasta,AH012184.2,86.207,29,4,0,219,247,779,865,9.42e-08,51.6,86.21,0,2
crzA_protein.fasta,XM_745346.1,100.000,754,0,0,1,754,1,2262,0.0,1232,100.00,0,1
crzA_protein.fasta,XM_744024.1,42.735,117,54,3,525,637,568,891,1.16e-21,99.4,55.56,0,1
crzA_protein.fasta,XM_749401.1,41.000,100,43,2,532,631,1276,1527,4.49e-16,81.6,52.00,0,1
crzA_protein.fasta,XM_750617.1,44.444,63,33,1,549,609,871,1059,3.04e-12,67.8,68.25,0,1
crzA_protein.fasta,XM_746589.1,37.069,116,58,5,548,656,25,348,3.75e-12,67.0,50.86,0,1
crzA_protein.fasta,XM_747281.1,30.282,142,71,3,521,634,1207,1632,1.21e-11,67.0,40.85,0,1
crzA_protein.fasta,XM_747281.1,37.037,81,42,1,557,637,1249,1464,1.32e-08,57.4,51.85,0,1
crzA_protein.fasta,XM_745908.1,39.286,84,39,3,550,630,781,1005,1.57e-11,65.9,52.38,0,1
crzA_protein.fasta,XM_001481366.1,54.902,51,23,0,548,598,76,228,1.22e-10,64.3,64.71,0,1
crzA_protein.fasta,XM_748899.1,46.296,54,29,0,544,597,55,216,8.74e-10,61.2,59.26,0,1
crzA_protein.fasta,XM_748899.1,37.500,56,26,1,578,633,73,213,2.63e-04,43.5,48.21,0,1
crzA_protein.fasta,XM_743338.1,35.632,87,47,2,553,637,58,297,1.28e-09,55.8,50.57,0,1
dvrA_protein.fasta,XM_749544.2,100.000,679,0,0,1,679,1,2037,0.0,1294,100.00,0,1
dvrA_protein.fasta,XM_750866.1,43.373,83,42,3,97,178,31,267,4.69e-10,62.0,54.22,0,1
dvrA_protein.fasta,XM_746824.1,45.833,72,30,3,98,160,1414,1629,5.91e-10,61.6,61.11,0,1
dvrA_protein.fasta,XM_750963.1,47.059,68,32,2,97,163,157,351,1.83e-09,60.5,57.35,0,1
dvrA_protein.fasta,XM_748629.1,35.526,76,39,1,117,182,79,306,2.40e-09,59.7,53.95,0,1
dvrA_protein.fasta,XM_748920.1,50.000,52,25,1,107,157,1666,1821,2.79e-09,59.3,63.46,0,1
dvrA_protein.fasta,XM_748899.1,43.284,67,30,2,97,162,43,222,2.50e-08,56.6,56.72,0,1
dvrA_protein.fasta,XM_747296.1,42.857,63,32,2,117,178,268,447,3.00e-08,53.9,61.90,0,1
dvrA_protein.fasta,XM_750295.1,40.000,65,34,3,100,163,610,792,5.83e-08,55.1,60.00,0,1
dvrA_protein.fasta,XM_742468.1,42.857,70,32,3,100,166,643,837,6.76e-08,54.7,55.71,0,1
dvrA_protein.fasta,XM_742468.1,41.509,53,29,2,109,160,751,906,3.01e-05,46.2,60.38,0,1
ecm33_protein.fasta,XM_747051.1,100.000,378,0,0,21,398,61,1194,0.0,640,100.00,0,1
ecm33_protein.fasta,XM_745824.1,33.333,69,46,0,29,97,97,303,2.31e-07,51.6,63.77,0,1
gel2_protein.fasta,XM_745929.1,100.000,475,0,0,1,475,1,1425,0.0,933,100.00,0,1
gel2_protein.fasta,AF208039.1,83.925,535,25,4,2,475,91,1695,0.0,827,84.67,0,1
gel2_protein.fasta,AF208039.1,83.333,42,7,0,41,82,279,404,4.75e-15,76.6,85.71,0,3
gel2_protein.fasta,XM_744160.1,48.377,308,149,6,22,329,85,978,5.91e-94,291,63.31,0,1
gel2_protein.fasta,AF072700.1,45.427,328,149,7,22,329,307,1260,3.27e-88,279,59.45,0,1
gel2_protein.fasta,XM_741900.1,42.902,317,171,4,15,326,37,972,8.94e-81,259,60.57,0,1
gel2_protein.fasta,XM_746026.1,41.765,340,189,5,14,350,40,1041,9.92e-78,251,56.18,0,1
gel2_protein.fasta,XM_744571.1,39.368,348,196,8,29,370,127,1143,1.21e-72,238,56.61,0,1
gel2_protein.fasta,XM_749209.1,35.484,372,198,10,9,352,22,1095,1.20e-65,218,53.76,0,1
gel2_protein.fasta,XM_750522.1,35.422,367,208,9,13,370,43,1083,5.56e-59,202,52.86,0,1
gel2_protein.fasta,AF208040.1,36.977,311,186,7,61,370,345,1250,9.92e-57,197,56.91,0,3
glfA_protein.fasta,AJ871145.2,100.000,510,0,0,1,510,1,1530,0.0,1068,100.00,0,1
glfA_protein.fasta,XM_749259.1,98.438,512,3,1,4,510,94,1629,0.0,1050,98.63,0,1
glfA_protein.fasta,FJ746724.1,93.094,362,1,1,173,510,794,1879,0.0,689,93.37,0,2
glfA_protein.fasta,FJ746724.1,76.000,225,10,3,4,185,94,765,5.01e-110,339,77.78,0,1
gliP_protein.fasta,XM_745762.1,100.000,2135,0,0,1,2135,1,6405,0.0,4263,100.00,0,1
gliP_protein.fasta,AY838877.1,99.470,1133,2,1,205,1333,15048,18446,0.0,2179,99.47,0,3
gliP_protein.fasta,AY838877.1,100.000,806,0,0,1330,2135,18473,20890,0.0,1673,100.00,0,2
gliP_protein.fasta,AY838877.1,99.512,205,1,0,1,205,14389,15003,2.81e-116,413,99.51,0,1
gliP_protein.fasta,AY838877.1,28.906,384,240,14,1251,1611,15063,16184,5.65e-39,110,44.53,0,3
gliP_protein.fasta,AY838877.1,33.333,186,112,6,1067,1245,14458,15000,5.65e-39,72.0,47.85,0,1
gliP_protein.fasta,AY838877.1,32.130,277,168,9,24,294,17634,18422,2.57e-35,89.7,45.13,0,3
gliP_protein.fasta,AY838877.1,30.147,272,177,7,318,583,18524,19318,2.57e-35,80.1,45.22,0,2
gliP_protein.fasta,XM_749236.2,29.791,2202,1359,50,33,2118,169,6561,0.0,813,46.59,0,1
gliP_protein.fasta,XM_749236.2,26.526,950,575,36,1050,1918,67,2790,8.71e-56,214,42.74,0,1
gliP_protein.fasta,XM_749236.2,25.692,903,556,31,9,866,3238,5736,1.59e-42,171,43.74,0,1
gliP_protein.fasta,XM_748287.1,24.873,1769,1089,61,9,1611,17836,22920,2.57e-99,358,42.34,0,1
gliP_protein.fasta,XM_748287.1,27.489,713,421,23,1067,1696,14593,16692,1.96e-52,204,44.04,0,1
gliP_protein.fasta,XM_748287.1,24.175,848,532,28,858,1613,7573,10059,8.64e-44,176,41.51,0,1
gliP_protein.fasta,XM_748287.1,27.536,621,378,20,1074,1636,17902,19722,3.23e-43,174,43.96,0,1
gliP_protein.fasta,XM_748287.1,24.195,901,522,30,832,1613,2821,5397,1.68e-41,168,39.96,0,1
gliP_protein.fasta,XM_748287.1,26.323,737,466,25,4,682,14533,16686,1.39e-39,162,43.15,0,1
gliP_protein.fasta,XM_748287.1,26.279,860,522,26,1,778,8170,10659,1.06e-38,159,42.56,0,1
gliP_protein.fasta,XM_748287.1,23.732,611,394,18,1063,1613,250,2046,1.25e-32,139,43.70,0,1
gliP_protein.fasta,XM_748287.1,23.767,669,429,18,1,605,3514,5469,6.80e-31,133,44.39,0,1
gliP_protein.fasta,XM_748287.1,25.080,626,381,21,4,570,211,2001,1.92e-20,99.0,41.85,0,1
gliP_protein.fasta,XM_748287.1,33.333,66,32,2,548,601,11659,11856,0.001,43.1,54.55,0,1
gliP_protein.fasta,XM_745994.1,25.178,1970,1202,72,12,1805,814,6435,4.14e-93,338,41.37,0,1
gliP_protein.fasta,XM_745994.1,24.500,1049,628,36,867,1786,8029,11070,4.51e-45,180,40.80,0,1
gliP_protein.fasta,XM_745994.1,26.870,655,392,19,1,599,8617,10488,9.40e-37,152,42.75,0,1
gliP_protein.fasta,XM_745994.1,40.476,42,25,0,2087,2128,2494,2619,0.049,38.1,59.52,0,1
gliP_protein.fasta,AB436628.1,23.907,1899,1172,56,8,1714,6815,1362,3.63e-81,299,38.97,0,-2
gliP_protein.fasta,AB436628.1,25.718,696,424,22,1,635,3551,1560,1.45e-33,142,42.39,0,-2
gliP_protein.fasta,XM_742094.1,23.812,1894,1180,55,8,1714,142,5595,7.14e-81,296,38.97,0,1
gliP_protein.fasta,XM_742094.1,25.718,696,424,22,1,635,3406,5397,1.11e-33,142,42.39,0,1
gliP_protein.fasta,XM_749004.1,24.348,1725,1130,53,12,1645,844,5766,2.93e-73,272,41.04,0,1
gliP_protein.fasta,XM_749004.1,23.702,1156,761,37,797,1884,61,3369,8.51e-50,195,41.52,0,1
gliP_protein.fasta,XM_001481345.1,33.929,504,313,11,1047,1535,73,1569,2.41e-63,235,48.21,0,1
gliP_protein.fasta,XM_001481345.1,31.884,483,290,14,28,495,157,1533,2.26e-41,166,45.55,0,1
gliP_protein.fasta,XM_743561.2,25.451,943,587,33,751,1619,2269,4971,1.01e-50,198,43.27,0,1
gliP_protein.fasta,XM_743561.2,28.153,785,476,30,1088,1816,217,2475,3.58e-49,193,42.80,0,1
gliP_protein.fasta,XM_743561.2,23.585,848,527,30,13,794,3190,5568,2.67e-34,144,42.10,0,1
gliP_protein.fasta,XM_743561.2,35.455,110,60,3,71,178,298,600,6.00e-07,54.3,53.64,0,1
gpaB_protein.fasta,XM_747570.1,100.000,356,0,0,1,356,1,1068,0.0,713,100.00,0,1
gpaB_protein.fasta,BX649606.1,100.000,115,0,0,43,157,122187,121843,1.09e-180,246,100.00,0,-3
gpaB_protein.fasta,BX649606.1,81.159,138,3,1,242,356,121415,121002,1.09e-180,217,81.88,0,-1
gpaB_protein.fasta,BX649606.1,77.193,114,5,1,152,244,121804,121463,1.09e-180,172,77.19,0,-2
gpaB_protein.fasta,BX649606.1,100.000,43,0,0,1,43,122392,122264,1.09e-180,58.9,100.00,0,-2
gpaB_protein.fasta,BX649606.1,63.043,184,67,1,159,341,185055,184504,2.21e-80,246,75.54,0,-3
gpaB_protein.fasta,BX649606.1,32.759,116,73,2,43,156,185459,185121,2.21e-80,70.5,51.72,0,-1
gpaB_protein.fasta,AL713629.1,100.000,115,0,0,43,157,32970,32626,1.10e-180,246,100.00,0,-1
gpaB_protein.fasta,AL713629.1,81.159,138,3,1,242,356,32198,31785,1.10e-180,217,81.88,0,-2
gpaB_protein.fasta,AL713629.1,77.193,114,5,1,152,244,32587,32246,1.10e-180,172,77.19,0,-3
gpaB_protein.fasta,AL713629.1,100.000,43,0,0,1,43,33175,33047,1.10e-180,58.9,100.00,0,-3
gpaB_protein.fasta,AJ277436.1,100.000,115,0,0,43,157,356,700,1.13e-180,246,100.00,0,2
gpaB_protein.fasta,AJ277436.1,81.159,138,3,1,242,356,1128,1541,1.13e-180,217,81.88,0,3
gpaB_protein.fasta,AJ277436.1,77.193,114,5,1,152,244,739,1080,1.13e-180,172,77.19,0,1
gpaB_protein.fasta,AJ277436.1,100.000,43,0,0,1,43,151,279,1.13e-180,58.9,100.00,0,1
gpaB_protein.fasta,XM_747591.1,49.304,359,173,4,1,356,1,1059,8.66e-116,339,64.90,0,1
gpaB_protein.fasta,XM_749288.1,44.290,359,183,7,3,350,4,1062,2.85e-94,284,62.40,0,1
gpaB_protein.fasta,AJ276276.1,63.043,184,67,1,159,341,941,1492,2.27e-80,246,75.54,0,2
gpaB_protein.fasta,AJ276276.1,32.759,116,73,2,43,156,537,875,2.27e-80,70.5,51.72,0,3
gpaB_protein.fasta,XM_747446.1,31.579,76,42,1,202,277,193,390,2.05e-04,40.8,50.00,0,1
gpaB_protein.fasta,BX649605.1,31.579,76,42,1,202,277,131173,131370,8.88e-04,40.8,50.00,0,1
ireA_protein.fasta,JN653078.2,100.000,1146,0,0,1,1146,16,3453,0.0,2128,100.00,0,1
ireA_protein.fasta,XM_744829.1,98.283,1165,1,1,1,1146,1,3495,0.0,2113,98.28,0,1
ireA_protein.fasta,XM_749571.1,27.961,304,170,9,716,1012,67,852,2.57e-23,102,44.74,0,1
ireA_protein.fasta,XM_750608.1,27.869,305,159,14,717,1011,133,894,7.28e-17,84.0,45.57,0,1
ireA_protein.fasta,XM_750732.1,26.426,333,202,15,705,1030,730,1620,1.89e-16,84.0,45.05,0,1
ireA_protein.fasta,XM_747366.1,30.258,271,148,11,752,1007,3430,4164,3.72e-16,83.2,45.02,0,1
ireA_protein.fasta,XM_748898.2,25.281,356,206,14,660,1010,1846,2748,2.52e-14,77.0,41.57,0,1
ireA_protein.fasta,XM_749261.1,23.856,306,182,12,716,1007,820,1626,5.83e-14,75.9,43.46,0,1
ireA_protein.fasta,XM_742276.1,25.706,354,186,17,707,1037,166,1065,2.15e-13,74.3,40.40,0,1
ireA_protein.fasta,XM_746366.1,24.377,361,175,14,717,1030,85,1014,2.59e-13,72.8,38.78,0,1
laeA_protein.fasta,XM_747742.1,100.000,373,0,0,1,373,1,1119,0.0,780,100.00,0,1
laeA_protein.fasta,AY422723.1,98.671,301,4,0,73,373,244,1146,0.0,626,99.34,0,1
laeA_protein.fasta,AY422723.1,100.000,37,0,0,41,77,3,113,4.15e-16,78.2,100.00,0,3
laeA_protein.fasta,XM_749038.2,32.459,305,200,6,68,370,100,1002,3.13e-52,176,55.74,0,1
laeA_protein.fasta,XM_741920.2,33.803,284,177,7,84,365,196,1020,5.16e-48,165,55.28,0,1
laeA_protein.fasta,XM_744527.1,33.113,302,169,9,82,370,148,993,2.03e-45,158,49.67,0,1
laeA_protein.fasta,XM_750828.1,33.091,275,174,7,102,370,1,813,6.46e-45,155,51.27,0,1
laeA_protein.fasta,XM_750379.1,24.413,213,151,6,154,359,253,882,8.42e-24,77.8,47.89,0,1
laeA_protein.fasta,XM_750379.1,44.828,58,29,2,106,162,50,217,8.42e-24,50.4,63.79,0,2
laeA_protein.fasta,XM_746463.1,26.316,95,63,3,59,150,55,327,0.005,37.7,44.21,0,1
laeA_protein.fasta,XM_741323.1,27.778,108,65,4,132,230,139,450,0.016,35.8,41.67,0,1
laeA_protein.fasta,AY838877.1,22.772,202,133,9,145,333,4818,5393,0.020,36.6,40.59,0,3
mcsA_protein.fasta,XM_742625.1,100.000,465,0,0,1,465,1,1395,0.0,922,100.00,0,1
mcsA_protein.fasta,AJ888885.1,100.000,465,0,0,1,465,1,1395,0.0,922,100.00,0,1
mcsA_protein.fasta,XM_742827.1,54.860,463,195,9,2,459,25,1386,9.32e-156,449,68.90,0,1
pes1_protein.fasta,XM_747311.1,100.000,6269,0,0,1,6269,1,18807,0.0,12625,100.00,0,1
pes1_protein.fasta,XM_745994.1,33.284,2704,1689,47,2781,5442,607,8499,0.0,1404,52.66,0,1
pes1_protein.fasta,XM_745994.1,33.395,2159,1328,32,219,2329,3883,10173,0.0,1181,52.48,0,1
pes1_protein.fasta,XM_745994.1,28.909,1311,846,29,2577,3840,7786,11601,2.11e-142,503,47.22,0,1
pes1_protein.fasta,XM_745994.1,28.319,1243,806,30,3464,4651,7180,10818,2.20e-134,477,48.51,0,1
pes1_protein.fasta,XM_745994.1,32.118,987,568,24,54,982,8029,10857,1.50e-129,461,51.57,0,1
pes1_protein.fasta,XM_745994.1,32.090,885,539,20,2596,3451,3262,5817,4.74e-114,410,51.53,0,1
pes1_protein.fasta,XM_745994.1,30.224,804,517,12,268,1037,796,3177,8.47e-98,356,49.25,0,1
pes1_protein.fasta,XM_745994.1,26.207,1015,637,27,1365,2336,2740,5577,5.11e-84,311,43.65,0,1
pes1_protein.fasta,XM_745994.1,28.856,603,399,10,1747,2339,610,2358,1.72e-60,233,48.09,0,1
pes1_protein.fasta,XM_745994.1,29.020,510,318,7,5556,6061,10276,11685,2.13e-51,202,45.88,0,1
pes1_protein.fasta,XM_745994.1,27.314,443,270,13,5569,6003,2458,3654,1.18e-29,131,44.70,0,1
pes1_protein.fasta,XM_745994.1,25.281,356,234,11,5016,5366,10525,11511,1.21e-18,94.7,43.54,0,1
pes1_protein.fasta,XM_745994.1,25.000,168,108,4,2418,2568,3433,3933,2.68e-08,60.5,49.40,0,1
pes1_protein.fasta,XM_745994.1,45.455,55,30,0,5558,5612,5656,5820,7.06e-06,52.4,61.82,0,1
pes1_protein.fasta,XM_748287.1,32.937,2860,1744,64,2558,5340,16993,25281,0.0,1379,51.05,0,1
pes1_protein.fasta,XM_748287.1,31.128,2705,1710,50,2846,5464,214,8127,0.0,1239,50.17,0,1
pes1_protein.fasta,XM_748287.1,31.638,2241,1402,41,47,2221,2905,9435,0.0,1071,51.00,0,1
pes1_protein.fasta,XM_748287.1,29.851,2154,1345,48,2596,4648,13756,20022,0.0,863,48.51,0,1
pes1_protein.fasta,XM_748287.1,32.698,1679,983,43,47,1654,20461,25269,0.0,765,50.80,0,1
pes1_protein.fasta,XM_748287.1,31.869,1525,957,31,831,2329,11653,16059,0.0,712,50.89,0,1
pes1_protein.fasta,XM_748287.1,35.353,1007,596,17,4485,5469,11563,14484,8.03e-168,588,54.22,0,1
pes1_protein.fasta,XM_748287.1,30.315,1270,808,29,2596,3811,7423,11163,4.26e-148,523,48.43,0,1
pes1_protein.fasta,XM_748287.1,29.732,1305,813,28,3508,4742,6886,10698,2.45e-147,521,48.89,0,1
pes1_protein.fasta,XM_748287.1,29.465,1327,825,35,3474,4733,13144,16992,7.03e-139,493,48.08,0,1
pes1_protein.fasta,XM_748287.1,31.403,1019,637,24,1346,2339,16447,19392,5.29e-133,473,50.64,0,1
pes1_protein.fasta,XM_748287.1,30.977,1075,653,19,44,1061,7570,10698,1.26e-128,459,47.72,0,1
pes1_protein.fasta,XM_748287.1,30.080,994,648,16,1362,2329,2173,5091,1.72e-119,429,47.89,0,1
pes1_protein.fasta,XM_748287.1,29.561,1025,621,19,8,969,17083,20043,5.85e-117,420,48.20,0,1
pes1_protein.fasta,XM_748287.1,29.234,1057,630,24,50,1037,13930,16953,7.75e-115,413,48.16,0,1
pes1_protein.fasta,XM_748287.1,33.554,757,434,15,267,968,208,2436,2.31e-107,388,52.05,0,1
pes1_protein.fasta,XM_748287.1,31.641,926,530,24,3897,4758,91,2751,2.51e-107,388,48.92,0,1
pes1_protein.fasta,XM_748287.1,27.993,1111,698,30,2590,3645,2731,5922,4.37e-100,364,47.07,0,1
pes1_protein.fasta,XM_748287.1,27.127,999,636,27,1366,2329,19798,22623,1.36e-85,316,45.85,0,1
pes1_protein.fasta,XM_748287.1,29.003,662,381,13,4987,5621,9979,11778,4.03e-75,281,47.89,0,1
pes1_protein.fasta,XM_748287.1,32.704,477,306,9,5026,5496,16450,17853,3.90e-69,262,54.72,0,1
pes1_protein.fasta,XM_748287.1,30.824,425,278,9,1349,1764,10144,11397,4.12e-58,225,54.12,0,1
pes1_protein.fasta,XM_748287.1,31.981,419,263,9,1806,2217,205,1416,5.01e-56,218,52.74,0,1
pes1_protein.fasta,XM_748287.1,25.771,454,293,16,5558,6003,19462,20715,3.43e-27,123,44.71,0,1
pes1_protein.fasta,XM_748287.1,24.954,545,339,15,5549,6074,16144,17625,2.55e-26,120,40.55,0,1
pes1_protein.fasta,XM_748287.1,26.190,294,201,6,5740,6024,7036,7896,1.84e-16,87.4,42.52,0,1
pes1_protein.fasta,XM_748287.1,27.341,267,169,7,5740,5991,10354,11124,3.91e-16,86.7,43.07,0,1
pes1_protein.fasta,XM_748287.1,26.786,168,106,6,5816,5970,13588,14079,4.60e-09,63.2,47.62,0,1
pes1_protein.fasta,XM_748287.1,45.312,64,35,0,5549,5612,9847,10038,5.97e-07,55.8,60.94,0,1
pes1_protein.fasta,XM_748287.1,28.947,152,93,5,6,144,10768,11217,2.14e-06,54.3,46.05,0,1
pes1_protein.fasta,XM_748287.1,24.855,173,105,5,5821,5979,24802,25287,2.83e-06,53.9,44.51,0,1
pes1_protein.fasta,XM_748287.1,36.364,66,42,0,5548,5613,5182,5379,1.32e-04,48.1,56.06,0,1
pes1_protein.fasta,XM_748287.1,38.333,60,32,1,6150,6209,9889,10053,0.007,42.4,55.00,0,1
pes1_protein.fasta,XM_748287.1,41.667,48,25,1,25,72,25045,25179,0.024,40.8,60.42,0,1
pes1_protein.fasta,AB436628.1,33.485,1762,1074,36,2844,4563,6815,1698,0.0,878,51.59,0,-2
pes1_protein.fasta,AB436628.1,32.360,822,481,19,267,1037,6815,4422,1.69e-108,392,52.31,0,-2
pes1_protein.fasta,AB436628.1,27.306,1377,894,34,2596,3912,4334,345,1.39e-107,389,44.30,0,-2
pes1_protein.fasta,AB436628.1,30.118,850,538,18,51,872,4184,1719,2.45e-97,355,49.41,0,-2
pes1_protein.fasta,AB436628.1,25.349,1002,674,19,1364,2339,4838,1977,1.59e-85,316,44.81,0,-2
pes1_protein.fasta,AB436628.1,29.242,554,346,15,1807,2339,6815,5229,3.39e-59,229,48.74,0,-2
pes1_protein.fasta,AB436628.1,29.423,520,311,16,5540,6046,1949,519,1.49e-34,147,45.00,0,-2
pes1_protein.fasta,AB436628.1,24.569,464,301,12,5558,6016,5159,3900,2.65e-18,93.6,40.95,0,-2
pes1_protein.fasta,AB436628.1,22.246,472,306,17,5045,5487,4832,3513,1.91e-16,87.4,42.37,0,-2
pes1_protein.fasta,AB436628.1,23.864,176,106,5,2418,2566,4160,3636,2.14e-07,57.4,43.75,0,-2
pes1_protein.fasta,XM_742094.1,33.371,1762,1076,36,2844,4563,142,5259,0.0,875,51.48,0,1
pes1_protein.fasta,XM_742094.1,32.482,822,480,19,267,1037,142,2535,1.36e-109,393,52.19,0,1
pes1_protein.fasta,XM_742094.1,27.233,1377,895,34,2596,3912,2623,6612,5.70e-108,388,44.23,0,1
pes1_protein.fasta,XM_742094.1,30.200,851,536,19,51,872,2773,5238,2.78e-98,357,49.35,0,1
pes1_protein.fasta,XM_742094.1,25.250,1002,675,19,1364,2339,2119,4980,3.52e-85,313,44.61,0,1
pes1_protein.fasta,XM_742094.1,29.242,554,346,15,1807,2339,142,1728,1.75e-59,229,48.74,0,1
pes1_protein.fasta,XM_742094.1,29.615,520,310,16,5540,6046,5008,6438,2.14e-35,149,45.19,0,1
pes1_protein.fasta,XM_742094.1,24.678,466,302,12,5558,6018,1798,3063,1.61e-18,94.0,40.77,0,1
pes1_protein.fasta,XM_742094.1,22.458,472,305,17,5045,5487,2125,3444,1.19e-17,91.3,42.80,0,1
pes1_protein.fasta,XM_742094.1,23.295,176,107,5,2418,2566,2797,3321,8.87e-07,55.5,43.18,0,1
pes1_protein.fasta,AH014111.2,99.539,434,2,0,3320,3753,1,1302,0.0,859,99.77,0,1
pes1_protein.fasta,AH014111.2,98.571,350,5,0,4083,4432,1403,2452,0.0,716,98.57,0,2
pes1_protein.fasta,AH014111.2,49.008,353,167,9,416,759,1406,2452,7.16e-96,331,66.29,0,2
pes1_protein.fasta,AH014111.2,47.312,279,137,4,2992,3268,1406,2218,1.06e-78,280,68.82,0,2
pes1_protein.fasta,AH014111.2,32.963,270,166,4,1954,2221,1406,2176,5.61e-44,175,55.56,0,2
pes1_protein.fasta,AH014111.2,27.143,420,251,15,5538,5945,169,1299,1.98e-20,99.8,41.90,0,1
pes1_protein.fasta,AH014111.2,28.956,297,186,10,5012,5305,466,1290,2.11e-20,99.8,48.48,0,1
pes1_protein.fasta,AH014111.2,38.000,50,31,0,2291,2340,19,168,0.002,43.9,58.00,0,1
pes1_protein.fasta,XM_743569.1,35.777,1146,689,23,2831,3958,628,3978,0.0,656,53.84,0,1
pes1_protein.fasta,XM_743569.1,36.352,762,412,14,238,947,580,2802,4.20e-117,417,52.23,0,1
pes1_protein.fasta,XM_743569.1,35.769,657,395,11,3919,4567,619,2532,3.26e-102,369,53.73,0,1
pes1_protein.fasta,XM_743569.1,29.432,581,384,10,1763,2333,535,2229,9.13e-67,253,50.09,0,1
pes1_protein.fasta,XM_743569.1,31.276,486,297,9,5558,6040,4687,6042,6.06e-49,194,47.74,0,1
pes1_protein.fasta,XM_743569.1,25.074,678,456,16,3165,3813,3976,5940,3.30e-35,149,42.33,0,1
pes1_protein.fasta,XM_743569.1,26.282,468,304,7,5542,6009,2269,3549,4.58e-35,148,43.59,0,1
pes1_protein.fasta,XM_743569.1,26.525,377,238,11,4995,5367,2509,3534,6.05e-23,108,41.64,0,1
pes1_protein.fasta,XM_743569.1,24.037,545,327,18,4248,4736,3961,5502,6.05e-23,108,40.00,0,1
pes1_protein.fasta,XM_743569.1,24.044,366,225,11,1338,1685,2542,3534,1.54e-19,97.4,42.62,0,1
pes1_protein.fasta,XM_743569.1,27.492,331,188,12,578,876,3958,4890,2.92e-17,90.1,44.41,0,1
pes1_protein.fasta,XM_743569.1,28.025,157,96,4,2419,2559,3313,3780,1.21e-10,68.2,46.50,0,1
pes1_protein.fasta,AY928087.1,35.777,1146,689,23,2831,3958,1040,4390,0.0,656,53.84,0,2
pes1_protein.fasta,AY928087.1,36.352,762,412,14,238,947,992,3214,1.24e-116,417,52.23,0,2
pes1_protein.fasta,AY928087.1,35.769,657,395,11,3919,4567,1031,2944,5.13e-102,369,53.73,0,2
pes1_protein.fasta,AY928087.1,29.381,582,385,10,1763,2334,947,2644,1.14e-66,253,50.00,0,2
pes1_protein.fasta,AY928087.1,31.276,486,297,9,5558,6040,5099,6454,9.07e-49,194,47.74,0,2
pes1_protein.fasta,AY928087.1,25.037,679,455,17,3165,3813,4388,6352,4.86e-35,148,43.00,0,2
pes1_protein.fasta,AY928087.1,26.282,468,304,7,5542,6009,2681,3961,7.70e-35,148,43.59,0,2
pes1_protein.fasta,AY928087.1,26.525,377,238,11,4995,5367,2921,3946,6.96e-23,108,41.64,0,2
pes1_protein.fasta,AY928087.1,24.037,545,327,18,4248,4736,4373,5914,7.07e-23,108,40.00,0,2
pes1_protein.fasta,AY928087.1,24.044,366,225,11,1338,1685,2954,3946,1.42e-19,97.8,42.62,0,2
pes1_protein.fasta,AY928087.1,27.492,331,188,12,578,876,4370,5302,3.30e-17,89.7,44.41,0,2
pes1_protein.fasta,AY928087.1,28.025,157,96,4,2419,2559,3725,4192,1.13e-10,68.2,46.50,0,2
pes1_protein.fasta,XM_745757.1,34.619,1115,613,27,229,1320,331,3396,6.29e-169,555,51.93,0,1
pes1_protein.fasta,XM_745757.1,32.295,1124,658,21,3883,4998,298,3384,3.47e-159,527,50.89,0,1
pes1_protein.fasta,XM_745757.1,32.365,723,443,16,2789,3499,286,2352,8.89e-95,336,52.28,0,1
pes1_protein.fasta,XM_745757.1,29.167,576,362,10,1770,2335,334,1953,9.70e-62,234,47.92,0,1
pes1_protein.fasta,XM_745757.1,42.593,54,31,0,5558,5611,2032,2193,3.62e-05,50.1,66.67,0,1
pes1_protein.fasta,XM_745757.1,35.185,54,35,0,5914,5967,70,231,0.002,44.3,57.41,0,1
pes1_protein.fasta,XM_745757.1,42.222,45,26,0,5279,5323,76,210,0.013,41.6,53.33,0,1
pes1_protein.fasta,XM_743561.2,25.871,2010,1293,56,2849,4796,124,5748,5.43e-159,549,44.58,0,1
pes1_protein.fasta,XM_743561.2,26.534,1108,680,33,2786,3847,3004,6063,1.92e-83,308,43.59,0,1
pes1_protein.fasta,XM_743561.2,33.816,621,357,16,276,877,3217,4974,1.17e-75,282,50.24,0,1
pes1_protein.fasta,XM_743561.2,25.050,1002,658,31,1366,2348,1930,4713,7.01e-61,233,43.41,0,1
pes1_protein.fasta,XM_743561.2,27.840,625,387,19,282,892,154,1878,1.44e-47,189,44.80,0,1
pes1_protein.fasta,XM_743561.2,24.044,366,245,10,1858,2221,256,1260,5.09e-21,102,43.72,0,1
pes1_protein.fasta,XM_743561.2,22.873,529,327,16,5013,5529,1852,3231,8.02e-17,88.6,40.45,0,1
pes1_protein.fasta,XM_743561.2,23.504,468,295,14,5506,5970,1495,2718,7.78e-14,78.6,38.46,0,1
pig_a_protein.fasta,AY566274.1,100.000,489,0,0,1,489,1,1467,0.0,1017,100.00,0,1
pig_a_protein.fasta,XM_747970.1,99.591,489,1,1,1,489,1,1464,0.0,1007,99.59,0,1
pig_a_protein.fasta,XM_747978.1,27.941,136,95,2,205,338,643,1047,9.81e-10,59.7,48.53,0,1
pig_a_protein.fasta,XM_743319.1,28.571,119,76,2,209,321,4378,4725,3.25e-04,42.7,42.02,0,1
pig_a_protein.fasta,AF435120.1,28.571,119,76,2,209,321,5442,5789,3.27e-04,42.7,42.02,0,3
pkaC1_protein.fasta,XM_750459.1,100.000,490,0,0,1,490,1,1470,0.0,865,100.00,0,1
pkaC1_protein.fasta,AY046405.1,100.000,272,0,0,1,272,1042,1857,0.0,401,100.00,0,1
pkaC1_protein.fasta,AY046405.1,85.621,153,2,1,358,490,2231,2689,0.0,269,85.62,0,2
pkaC1_protein.fasta,AY046405.1,100.000,86,0,0,272,357,1920,2177,0.0,184,100.00,0,3
pkaC1_protein.fasta,AJ297841.1,95.423,284,1,1,1,272,1095,1946,0.0,392,95.42,0,3
pkaC1_protein.fasta,AJ297841.1,86.928,153,0,1,358,490,2320,2778,0.0,275,86.93,0,1
pkaC1_protein.fasta,AJ297841.1,100.000,86,0,0,272,357,2009,2266,0.0,184,100.00,0,2
pkaC1_protein.fasta,XM_748687.1,45.872,327,164,7,175,490,214,1188,7.10e-100,305,67.89,0,1
pkaC1_protein.fasta,XM_750302.1,41.554,296,164,5,176,466,871,1746,7.28e-75,247,63.18,0,1
pkaC1_protein.fasta,XM_745296.1,39.884,346,192,9,135,472,1306,2319,1.79e-74,250,60.12,0,1
pkaC1_protein.fasta,XM_748361.1,38.944,303,176,5,171,467,2317,3216,1.45e-65,228,60.07,0,1
pkaC1_protein.fasta,XM_749519.1,40.317,315,180,6,148,455,595,1536,1.55e-65,221,58.41,0,1
pkaC1_protein.fasta,AJ575357.1,48.387,217,108,4,256,470,1506,2150,3.68e-65,226,71.89,0,3
pkaC1_protein.fasta,XM_748405.1,33.811,349,167,9,162,453,1240,2265,8.80e-57,201,50.14,0,1
pkaR_protein.fasta,AJ277652.1,100.000,413,0,0,1,413,178,1416,0.0,802,100.00,0,1
pkaR_protein.fasta,AF401202.1,100.000,413,0,0,1,413,658,1896,0.0,801,100.00,0,1
pkaR_protein.fasta,XM_749526.1,100.000,413,0,0,1,413,1,1239,0.0,801,100.00,0,1
pkaR_protein.fasta,AF267166.1,100.000,57,0,0,357,413,2,172,6.78e-31,114,100.00,0,2
pkaR_protein.fasta,XM_744359.1,33.784,74,49,0,321,394,268,489,5.12e-07,51.2,52.70,0,1
ppoA_protein.fasta,XM_746657.1,100.000,1079,0,0,1,1079,1,3237,0.0,2222,100.00,0,1
ppoA_protein.fasta,FJ830394.2,99.815,1079,2,0,1,1079,1,3237,0.0,2219,99.81,0,1
ppoA_protein.fasta,HQ832882.1,48.796,1080,532,7,6,1075,142,3348,0.0,1090,67.59,0,1
ppoA_protein.fasta,XM_741345.2,48.611,1080,534,7,6,1075,142,3348,0.0,1083,67.41,0,1
ppoA_protein.fasta,XM_749316.2,48.928,1073,530,7,10,1072,169,3363,0.0,1078,67.57,0,1
ppoA_protein.fasta,EU020167.1,49.588,849,408,6,236,1075,1,2514,0.0,880,68.32,0,1
ppoA_protein.fasta,EU020168.1,47.900,881,437,7,203,1072,52,2661,0.0,861,66.74,0,1
ppoB_protein.fasta,HQ832882.1,100.000,1136,0,0,1,1136,1,3408,0.0,2373,100.00,0,1
ppoB_protein.fasta,XM_741345.2,99.824,1136,2,0,1,1136,1,3408,0.0,2369,99.82,0,1
ppoB_protein.fasta,EU020167.1,99.883,858,1,0,279,1136,1,2574,0.0,1797,99.88,0,1
ppoB_protein.fasta,XM_749316.2,58.746,1069,437,4,47,1113,163,3363,0.0,1332,74.65,0,1
ppoB_protein.fasta,XM_746657.1,48.796,1080,532,7,48,1116,16,3225,0.0,1102,67.59,0,1
ppoB_protein.fasta,FJ830394.2,48.796,1080,532,7,48,1116,16,3225,0.0,1102,67.50,0,1
ppoB_protein.fasta,EU020168.1,58.238,874,355,4,246,1113,52,2661,0.0,1080,73.80,0,1
ppoC_protein.fasta,XM_749316.2,100.000,1121,0,0,1,1121,1,3363,0.0,2219,100.00,0,1
ppoC_protein.fasta,EU020168.1,98.396,873,6,2,254,1121,52,2661,0.0,1781,98.40,0,1
ppoC_protein.fasta,HQ832882.1,58.873,1065,434,4,59,1121,151,3339,0.0,1315,74.84,0,1
ppoC_protein.fasta,XM_741345.2,58.685,1065,436,4,59,1121,151,3339,0.0,1308,74.65,0,1
ppoC_protein.fasta,XM_746657.1,48.928,1073,530,7,57,1121,28,3216,0.0,1073,67.57,0,1
ppoC_protein.fasta,FJ830394.2,48.928,1073,530,7,57,1121,28,3216,0.0,1072,67.47,0,1
ppoC_protein.fasta,EU020167.1,58.971,836,341,2,287,1121,1,2505,0.0,1059,74.40,0,1
rasA_protein.fasta,XM_748433.1,100.000,213,0,0,1,213,1,639,1.85e-151,418,100.00,0,1
rasA_protein.fasta,L42299.1,81.008,258,1,2,4,213,1362,2135,4.94e-129,383,81.40,0,3
rasA_protein.fasta,AY266674.1,56.593,182,56,1,9,167,22,567,9.33e-59,184,69.78,0,1
rasA_protein.fasta,XM_750019.1,56.593,182,56,1,9,167,10,555,9.84e-59,184,69.78,0,1
rasA_protein.fasta,AY327893.1,53.988,163,52,1,28,167,701,1189,7.17e-50,171,67.48,0,2
rasA_protein.fasta,XM_748649.1,43.814,194,104,3,21,213,55,624,3.14e-48,156,63.92,0,1
rasA_protein.fasta,XM_748989.1,38.037,163,98,2,21,182,58,540,1.96e-34,120,60.74,0,1
rasA_protein.fasta,XM_741574.1,35.526,152,96,2,21,171,67,519,1.04e-27,103,57.24,0,1
rasA_protein.fasta,XM_742818.2,33.129,163,107,2,9,170,25,510,9.76e-22,87.8,53.99,0,1
rasA_protein.fasta,XM_749934.1,36.424,151,73,3,42,169,55,507,2.23e-20,85.5,48.34,0,1
rasB_protein.fasta,AY266674.1,100.000,239,0,0,1,239,13,729,6.90e-144,401,100.00,0,1
rasB_protein.fasta,XM_750019.1,100.000,239,0,0,1,239,1,717,7.87e-144,400,100.00,0,1
rasB_protein.fasta,AY327893.1,89.850,266,0,1,1,239,554,1351,3.70e-131,386,89.85,0,2
rasB_protein.fasta,XM_748433.1,56.593,182,56,2,4,185,25,501,4.60e-53,169,69.78,0,1
rasB_protein.fasta,L42299.1,44.783,230,56,4,4,185,1377,1997,1.52e-38,141,54.35,0,3
rasB_protein.fasta,XM_748649.1,35.838,173,85,4,16,187,55,498,7.99e-26,99.4,56.65,0,1
rasB_protein.fasta,XM_748989.1,34.940,166,84,4,16,180,58,486,9.67e-23,90.9,57.23,0,1
rasB_protein.fasta,XM_741574.1,28.994,169,95,3,16,183,67,501,4.89e-18,78.6,49.11,0,1
rasB_protein.fasta,XM_749934.1,34.641,153,100,0,33,185,43,501,1.86e-17,78.2,49.67,0,1
rasB_protein.fasta,AF283573.1,30.088,113,58,2,16,107,578,916,1.79e-15,60.1,53.10,0,2
rasB_protein.fasta,AF283573.1,51.163,43,20,1,139,180,987,1115,1.79e-15,38.9,65.12,0,3
rhbA_protein.fasta,XM_748989.1,100.000,187,0,0,1,187,1,561,1.44e-140,388,100.00,0,1
rhbA_protein.fasta,AF283573.1,84.112,107,0,1,19,108,575,895,4.91e-95,177,84.11,0,2
rhbA_protein.fasta,AF283573.1,94.048,84,5,0,104,187,939,1190,4.91e-95,167,96.43,0,3
rhbA_protein.fasta,AF283573.1,100.000,19,0,0,1,19,421,477,4.91e-95,41.6,100.00,0,1
rhbA_protein.fasta,AF267165.1,100.000,108,0,0,80,187,1,324,7.64e-76,226,100.00,0,1
rhbA_protein.fasta,XM_748433.1,38.037,163,98,2,20,180,61,546,1.89e-34,120,60.74,0,1
rhbA_protein.fasta,XM_750019.1,35.593,177,90,3,9,162,13,540,2.26e-31,112,58.19,0,1
rhbA_protein.fasta,AY266674.1,35.593,177,90,3,9,162,25,552,2.50e-31,112,58.19,0,1
rhbA_protein.fasta,AY327893.1,30.882,204,90,4,9,162,566,1174,4.18e-24,97.8,50.49,0,2
rhbA_protein.fasta,L42299.1,31.905,210,94,6,20,180,1413,2042,1.79e-23,95.9,47.62,0,3
rhbA_protein.fasta,XM_748649.1,34.969,163,100,4,1,162,4,477,2.17e-23,91.3,58.28,0,1
rhbA_protein.fasta,XM_749883.1,25.654,191,128,5,9,187,31,597,5.16e-17,74.3,48.69,0,1
sebA_protein.fasta,XM_746824.1,100.000,618,0,0,1,618,1,1854,0.0,940,100.00,0,1
sebA_protein.fasta,XM_745067.2,49.275,69,32,2,495,561,16,219,2.05e-14,75.9,71.01,0,1
sebA_protein.fasta,XM_748352.1,48.193,83,40,3,462,544,58,297,2.44e-14,75.9,66.27,0,1
sebA_protein.fasta,XM_748920.1,48.000,75,36,2,472,544,1612,1833,5.92e-14,74.3,58.67,0,1
sebA_protein.fasta,XM_744024.1,46.774,62,32,1,485,546,709,891,1.99e-11,66.2,62.90,0,1
sebA_protein.fasta,XM_744024.1,33.784,74,47,2,474,546,589,807,2.59e-05,46.2,52.70,0,1
sebA_protein.fasta,XM_748899.1,53.846,52,23,1,491,542,61,213,1.66e-10,63.2,67.31,0,1
sebA_protein.fasta,XM_743434.1,52.830,53,24,1,490,542,13,168,1.93e-10,63.2,69.81,0,1
sebA_protein.fasta,XM_747281.1,44.156,77,42,1,470,546,1237,1464,2.23e-10,62.4,57.14,0,1
sebA_protein.fasta,XM_750963.1,54.545,55,23,2,486,540,175,333,3.12e-10,62.4,69.09,0,1
sebA_protein.fasta,XM_748629.1,54.717,53,22,2,490,542,55,207,6.66e-10,61.2,67.92,0,1
sidA_protein.fasta,XM_750010.1,100.000,501,0,0,1,501,1,1503,0.0,1011,100.00,0,1
sidA_protein.fasta,AY586511.1,99.656,291,1,0,1,291,141,1013,0.0,574,99.66,0,3
sidA_protein.fasta,AY586511.1,100.000,210,0,0,292,501,1072,1701,0.0,438,100.00,0,1
sidA_protein.fasta,AY819708.1,99.656,291,1,0,1,291,1,873,0.0,574,99.66,0,1
sidA_protein.fasta,AY819708.1,100.000,210,0,0,292,501,932,1561,0.0,438,100.00,0,2
sidC_protein.fasta,XM_747995.1,100.000,4763,0,0,1,4763,1,14289,0.0,9680,100.00,0,1
sidC_protein.fasta,XM_748287.1,25.675,2999,1810,107,335,3168,14698,22932,0.0,665,42.88,0,1
sidC_protein.fasta,XM_748287.1,25.017,2862,1749,107,962,3656,13204,21099,1.19e-157,554,41.86,0,1
sidC_protein.fasta,XM_748287.1,26.431,2009,1215,65,321,2246,17950,23436,1.37e-129,461,43.45,0,1
sidC_protein.fasta,XM_748287.1,25.304,1893,1203,62,335,2145,370,5661,1.47e-107,389,42.05,0,1
sidC_protein.fasta,XM_748287.1,24.298,1852,1198,60,1431,3186,217,5448,1.24e-94,345,41.85,0,1
sidC_protein.fasta,XM_748287.1,22.303,1511,999,43,953,2385,6808,11049,7.96e-74,277,41.43,0,1
sidC_protein.fasta,XM_748287.1,23.148,1836,1166,60,2094,3815,6907,12021,1.23e-71,270,39.98,0,1
sidC_protein.fasta,XM_748287.1,28.529,999,556,35,338,1273,8362,11073,9.15e-71,266,44.04,0,1
sidC_protein.fasta,XM_748287.1,24.345,1031,669,37,2609,3575,370,3321,1.61e-51,203,43.06,0,1
sidC_protein.fasta,XM_748287.1,24.903,771,488,31,3642,4369,9850,12018,1.35e-33,144,42.15,0,1
sidC_protein.fasta,XM_748287.1,26.316,513,328,17,3615,4107,16087,17535,1.76e-33,143,44.83,0,1
sidC_protein.fasta,XM_748287.1,24.578,415,272,13,3190,3586,13189,14364,4.81e-23,108,44.10,0,1
sidC_protein.fasta,XM_748287.1,26.250,320,213,10,3791,4101,7000,7917,2.33e-20,100,45.62,0,1
sidC_protein.fasta,XM_748287.1,24.066,482,324,14,3647,4110,19453,20826,3.41e-19,96.3,39.83,0,1
sidC_protein.fasta,XM_748287.1,24.627,402,272,12,4207,4588,9874,11046,7.77e-17,88.2,44.78,0,1
sidC_protein.fasta,XM_748287.1,26.357,387,240,15,4293,4664,13195,14265,1.27e-13,77.8,42.12,0,1
sidC_protein.fasta,XM_748287.1,23.573,403,276,12,4207,4588,16171,17346,1.34e-13,77.8,42.43,0,1
sidC_protein.fasta,XM_748287.1,23.867,331,226,11,3741,4058,24373,25326,7.44e-13,75.1,43.20,0,1
sidC_protein.fasta,XM_748287.1,24.615,325,202,11,3251,3551,24541,25458,7.37e-12,72.0,44.00,0,1
sidC_protein.fasta,XM_748287.1,26.316,342,220,13,942,1271,24301,25266,1.35e-11,70.9,43.86,0,1
sidC_protein.fasta,XM_748287.1,26.429,280,180,10,4350,4619,24541,25332,1.68e-10,67.4,45.36,0,1
sidC_protein.fasta,XM_748287.1,22.062,417,284,11,4195,4591,19426,20613,2.51e-10,66.6,40.53,0,1
sidC_protein.fasta,XM_748287.1,23.881,268,171,6,3647,3909,22732,23451,4.26e-07,56.2,39.18,0,1
sidC_protein.fasta,XM_748287.1,22.034,354,246,12,4309,4649,6880,7890,4.14e-06,52.8,41.81,0,1
sidC_protein.fasta,XM_748287.1,24.415,299,190,9,3623,3913,5140,5952,1.08e-04,48.1,39.46,0,1
sidC_protein.fasta,DQ011870.1,100.000,231,0,0,2049,2279,715,23,1.45e-159,492,100.00,0,-2
sidC_protein.fasta,DQ011870.1,23.563,174,119,5,1006,1167,535,20,2.02e-06,51.6,46.55,0,-2
sidC_protein.fasta,XM_743561.2,24.476,2194,1400,68,1491,3614,259,6279,1.13e-137,482,42.80,0,1
sidC_protein.fasta,XM_743561.2,26.815,1749,1068,51,332,2048,253,4959,6.80e-129,454,43.91,0,1
sidC_protein.fasta,XM_743561.2,25.266,376,252,16,3674,4040,4840,5907,2.17e-11,70.1,40.43,0,1
sidC_protein.fasta,XM_749004.1,25.885,2063,1247,69,248,2252,763,6279,1.06e-123,439,43.04,0,1
sidC_protein.fasta,XM_749004.1,25.662,1095,690,35,2555,3603,3946,6996,5.58e-70,263,43.29,0,1
sidC_protein.fasta,XM_749004.1,22.834,1108,724,34,2467,3550,598,3600,1.07e-48,193,42.24,0,1
sidC_protein.fasta,XM_742094.1,24.237,2195,1344,73,335,2412,301,6279,9.97e-110,393,40.50,0,1
sidC_protein.fasta,XM_742094.1,25.641,1014,602,36,1431,2386,151,2910,3.00e-61,234,43.59,0,1
sidC_protein.fasta,XM_742094.1,26.069,982,610,37,2624,3555,346,3093,1.90e-52,205,41.34,0,1
sidC_protein.fasta,XM_742094.1,25.527,948,620,28,2610,3520,3583,6279,1.05e-50,199,40.30,0,1
sidC_protein.fasta,XM_742094.1,23.583,441,285,15,4207,4629,1798,3018,2.16e-14,80.1,43.54,0,1
sidC_protein.fasta,AB436628.1,24.396,2193,1343,73,335,2412,6656,678,3.11e-109,394,40.54,0,-2
sidC_protein.fasta,AB436628.1,25.714,1015,600,36,1431,2386,6806,4047,1.52e-61,236,43.74,0,-2
sidC_protein.fasta,AB436628.1,26.228,957,592,36,2624,3530,6611,3933,3.58e-51,202,41.48,0,-2
sidC_protein.fasta,AB436628.1,25.694,973,603,32,2610,3528,3374,654,8.61e-51,201,39.67,0,-2
sidC_protein.fasta,AB436628.1,23.810,441,284,15,4207,4629,5159,3939,3.19e-14,79.7,43.54,0,-2
sidC_protein.fasta,XM_747311.1,23.833,1863,1201,52,1432,3199,8542,13761,4.20e-108,390,41.81,0,1
sidC_protein.fasta,XM_747311.1,25.188,1858,1117,66,348,2092,8728,13821,9.95e-108,389,42.52,0,1
sidC_protein.fasta,XM_747311.1,24.355,969,633,29,2609,3530,8689,11436,1.66e-63,243,43.14,0,1
sidC_protein.fasta,XM_747311.1,27.411,591,380,18,2610,3179,961,2649,2.41e-45,182,46.53,0,1
sidC_protein.fasta,XM_747311.1,28.398,493,288,13,348,817,997,2349,1.29e-44,180,46.04,0,1
sidC_protein.fasta,XM_747311.1,28.455,615,375,20,1464,2048,877,2616,1.20e-43,177,45.69,0,1
sidC_protein.fasta,XM_747311.1,24.236,491,314,17,3648,4116,10186,11550,1.38e-24,114,42.57,0,1
sidC_protein.fasta,XM_747311.1,23.359,518,309,14,335,812,5578,6987,5.70e-22,105,40.54,0,1
sidC_protein.fasta,XM_747311.1,24.295,461,285,13,3113,3530,16696,18015,6.82e-19,95.1,40.56,0,1
sidC_protein.fasta,XM_747311.1,26.357,387,245,14,3212,3575,15142,16251,3.20e-17,89.7,43.41,0,1
sidC_protein.fasta,XM_747311.1,25.225,444,302,15,3754,4184,15133,16413,7.89e-16,85.1,41.22,0,1
sidC_protein.fasta,XM_747311.1,24.590,427,274,13,3650,4039,16672,17919,6.23e-15,82.0,41.69,0,1
sidC_protein.fasta,XM_747311.1,26.708,322,181,16,953,1252,15076,15942,5.99e-11,68.9,43.48,0,1
sidC_protein.fasta,XM_747311.1,22.410,415,273,12,4197,4590,10162,11322,1.06e-10,68.2,40.72,0,1
sidC_protein.fasta,XM_745994.1,24.195,1740,1122,51,1492,3155,952,5808,3.22e-91,334,39.71,0,1
sidC_protein.fasta,XM_745994.1,23.847,1648,1028,52,970,2527,7294,11826,7.69e-80,296,41.02,0,1
sidC_protein.fasta,XM_745994.1,24.865,1484,928,54,2117,3530,7417,11517,1.39e-67,256,41.64,0,1
sidC_protein.fasta,XM_745994.1,27.081,997,544,37,335,1273,952,3567,4.57e-61,234,41.73,0,1
sidC_protein.fasta,XM_745994.1,25.709,1128,680,44,335,1413,8791,11847,1.40e-59,229,41.76,0,1
sidC_protein.fasta,XM_745994.1,24.274,964,627,28,2609,3530,952,3660,6.55e-57,220,43.57,0,1
sidC_protein.fasta,XM_745994.1,26.076,813,513,24,1457,2246,4099,6342,1.80e-56,219,43.54,0,1
sidC_protein.fasta,XM_745994.1,27.169,611,368,18,335,924,4186,5850,1.30e-42,173,44.68,0,1
sidC_protein.fasta,XM_745994.1,26.267,434,287,13,3650,4072,2425,3660,2.13e-21,103,41.47,0,1
sidC_protein.fasta,XM_745994.1,27.476,313,212,7,3786,4093,7414,8322,1.04e-18,94.4,45.69,0,1
sidC_protein.fasta,XM_745994.1,22.869,481,323,13,3607,4072,10174,11517,1.51e-18,94.0,42.20,0,1
sidC_protein.fasta,XM_745994.1,23.607,305,200,12,4303,4590,7291,8157,1.06e-05,51.6,41.64,0,1
sidC_protein.fasta,XM_749236.2,25.410,1767,1074,64,1435,3143,85,4827,3.16e-90,330,41.37,0,1
sidC_protein.fasta,XM_749236.2,24.483,1789,1079,74,335,2065,247,4971,1.92e-78,291,41.92,0,1
sidC_protein.fasta,XM_749236.2,25.926,918,563,39,2704,3586,535,3042,4.90e-46,184,43.68,0,1
sidC_protein.fasta,XM_749236.2,25.524,525,333,18,3604,4093,1399,2904,3.15e-24,112,42.48,0,1
sidD_protein.fasta,XM_743569.1,100.000,2083,0,0,1,2083,1,6249,0.0,4134,100.00,0,1
sidD_protein.fasta,AY928087.1,99.846,1942,3,0,142,2083,836,6661,0.0,3882,99.90,0,2
sidD_protein.fasta,AY928087.1,100.000,145,0,0,1,145,358,792,8.92e-68,254,100.00,0,1
sidD_protein.fasta,XM_747311.1,35.689,1146,690,23,210,1326,8491,11874,0.0,674,53.84,0,1
sidD_protein.fasta,XM_747311.1,36.988,757,414,13,194,934,712,2841,1.21e-120,427,52.58,0,1
sidD_protein.fasta,XM_747311.1,35.769,657,395,11,207,844,11755,13701,9.46e-109,389,53.73,0,1
sidD_protein.fasta,XM_747311.1,29.381,582,385,10,179,744,5287,7002,3.65e-67,253,50.00,0,1
sidD_protein.fasta,XM_747311.1,32.008,478,284,11,1559,2000,16660,18078,5.71e-49,192,48.54,0,1
sidD_protein.fasta,XM_747311.1,24.742,679,457,16,1326,1980,9493,11439,9.58e-41,166,43.00,0,1
sidD_protein.fasta,XM_747311.1,26.282,468,304,7,757,1183,16624,18027,3.34e-33,140,43.59,0,1
sidD_protein.fasta,XM_747311.1,24.037,545,327,18,1321,1834,12742,14208,2.83e-23,108,40.00,0,1
sidD_protein.fasta,XM_747311.1,26.525,377,238,11,837,1178,14983,16101,6.09e-19,94.0,41.64,0,1
sidD_protein.fasta,XM_747311.1,27.492,331,188,12,1320,1630,1732,2628,7.71e-19,93.6,44.41,0,1
sidD_protein.fasta,XM_747311.1,23.770,366,226,11,848,1178,4012,5055,4.20e-16,84.7,40.71,0,1
sidD_protein.fasta,XM_747311.1,28.025,157,96,4,1105,1260,7255,7677,3.68e-11,68.2,45.86,0,1
sidD_protein.fasta,XM_748287.1,34.950,1093,675,17,225,1296,17833,21066,0.0,618,53.06,0,1
sidD_protein.fasta,XM_748287.1,31.285,1058,649,23,214,1217,14509,17610,1.22e-127,449,49.62,0,1
sidD_protein.fasta,XM_748287.1,32.072,1004,616,19,225,1178,8200,11163,7.67e-127,447,49.50,0,1
sidD_protein.fasta,XM_748287.1,28.980,1118,733,24,225,1297,214,3519,3.77e-117,416,47.76,0,1
sidD_protein.fasta,XM_748287.1,32.014,834,483,20,226,1021,21088,23451,3.81e-102,367,50.12,0,1
sidD_protein.fasta,XM_748287.1,32.344,674,432,9,179,833,3397,5403,4.07e-97,351,52.97,0,1
sidD_protein.fasta,XM_748287.1,26.812,690,441,19,1320,1981,18766,20727,1.38e-46,185,43.48,0,1
sidD_protein.fasta,XM_748287.1,26.806,720,441,26,1320,1994,15472,17508,1.46e-39,162,43.47,0,1
sidD_protein.fasta,XM_748287.1,24.857,700,449,21,1326,1977,9148,11160,4.09e-39,160,42.29,0,1
sidD_protein.fasta,XM_748287.1,24.112,676,448,18,1343,1978,1213,3165,2.77e-27,121,39.94,0,1
sidD_protein.fasta,XM_748287.1,24.157,534,336,19,1326,1833,4489,5961,3.18e-25,114,42.88,0,1
sidD_protein.fasta,XM_748287.1,24.907,538,318,20,1326,1834,22039,23481,2.51e-19,95.1,40.89,0,1
sidD_protein.fasta,XM_748287.1,25.796,314,204,9,872,1163,24400,25320,4.29e-19,94.4,45.86,0,1
sidD_protein.fasta,XM_748287.1,26.625,323,210,11,875,1179,13243,14184,1.68e-16,85.9,44.27,0,1
sidD_protein.fasta,XM_748287.1,26.148,283,179,10,918,1179,7021,7842,7.35e-11,67.4,44.17,0,1
sidD_protein.fasta,XM_748287.1,24.051,237,150,5,792,1020,11653,12297,3.52e-07,55.1,41.35,0,1
sidD_protein.fasta,DQ013888.1,100.000,266,0,0,1042,1307,800,3,0.0,548,100.00,0,-2
sidD_protein.fasta,DQ013888.1,29.348,92,65,0,1890,1981,656,381,2.43e-07,53.5,46.74,0,-2
sidD_protein.fasta,XM_742094.1,33.741,1144,693,26,222,1326,139,3492,4.15e-172,580,51.84,0,1
sidD_protein.fasta,XM_742094.1,31.891,1063,612,26,207,1212,3373,6396,3.82e-125,439,49.11,0,1
sidD_protein.fasta,XM_742094.1,27.057,717,447,26,1326,2009,4378,6399,1.97e-47,187,44.21,0,1
sidD_protein.fasta,XM_742094.1,23.562,730,461,21,1308,1994,1042,3069,3.91e-37,153,41.64,0,1
sidD_protein.fasta,AB436628.1,33.479,1144,696,26,222,1326,6818,3465,8.92e-169,578,51.75,0,-2
sidD_protein.fasta,AB436628.1,31.891,1063,612,26,207,1212,3584,561,7.45e-125,441,49.20,0,-2
sidD_protein.fasta,AB436628.1,26.918,717,448,26,1326,2009,2579,558,1.05e-46,185,44.07,0,-2
sidD_protein.fasta,AB436628.1,23.562,730,461,21,1308,1994,5915,3888,1.12e-36,152,41.64,0,-2
sidD_protein.fasta,XM_745994.1,34.542,1103,689,18,208,1293,745,4005,4.12e-166,569,51.13,0,1
sidD_protein.fasta,XM_745994.1,33.784,1036,635,21,176,1181,8479,11523,1.51e-146,508,51.83,0,1
sidD_protein.fasta,XM_745994.1,32.265,874,512,13,177,1021,3889,6357,2.47e-120,426,50.57,0,1
sidD_protein.fasta,XM_745994.1,30.385,701,440,14,1319,2000,9565,11580,4.14e-73,272,46.22,0,1
sidD_protein.fasta,XM_745994.1,26.130,708,446,21,1326,2001,1741,3729,2.85e-44,177,41.53,0,1
sidD_protein.fasta,XM_745994.1,24.508,559,337,21,1310,1845,4936,6426,6.07e-27,120,44.19,0,1
sidD_protein.fasta,XM_745994.1,24.380,484,327,16,869,1326,7291,8703,2.81e-18,91.7,41.74,0,1
sidD_protein.fasta,XM_749158.1,31.071,1120,697,28,82,1160,280,3537,8.43e-129,438,49.20,0,1
sidD_protein.fasta,XM_749158.1,27.251,822,496,28,1236,2003,1333,3654,1.80e-53,206,43.92,0,1
sidD_protein.fasta,XM_745991.1,32.153,1017,612,29,223,1200,310,3243,2.29e-122,416,49.66,0,1
sidD_protein.fasta,XM_745991.1,26.415,689,437,22,1319,1977,1228,3174,2.79e-45,179,43.11,0,1


