acuM_protein.fasta,XM_025593481.1,77.014,509,108,5,124,627,88,1602,0.0,747,87.03,0,1
acuM_protein.fasta,XM_001399537.2,76.817,509,107,5,126,627,1,1515,0.0,745,86.84,0,1
acuM_protein.fasta,AM270007.1,85.317,252,35,1,312,561,30710,31465,6.78e-176,402,93.65,0,2
acuM_protein.fasta,AM270007.1,67.647,102,29,2,210,311,30361,30654,6.78e-176,140,81.37,0,1
acuM_protein.fasta,AM270007.1,93.939,66,4,0,562,627,31524,31721,6.78e-176,117,98.48,0,3
acuM_protein.fasta,AM270007.1,43.590,78,42,1,124,199,29743,29976,6.98e-09,60.5,60.26,0,1
acuM_protein.fasta,XM_001400542.2,22.751,189,108,2,449,600,1734,2297,9.65e-12,69.3,42.33,0,3
acuM_protein.fasta,XM_001400542.2,34.951,103,64,2,197,296,666,974,7.10e-10,63.2,48.54,0,3
acuM_protein.fasta,XM_025592695.1,22.751,189,108,2,449,600,1178,1741,1.65e-11,68.6,42.33,0,2
acuM_protein.fasta,XM_025592695.1,29.457,129,76,3,183,296,32,418,1.17e-04,46.2,37.98,0,2
acuM_protein.fasta,AM270040.1,22.751,189,108,2,449,600,145377,145940,2.62e-11,68.6,42.33,0,3
acuM_protein.fasta,AM270040.1,29.457,129,76,3,183,296,144231,144617,1.53e-04,46.2,37.98,0,3
acuM_protein.fasta,XM_025601321.1,31.034,58,40,0,176,233,7,180,1.83e-04,45.4,60.34,0,1
acuM_protein.fasta,AM270275.1,41.026,39,23,0,187,225,29022,29138,7.70e-04,43.9,66.67,0,3
acuM_protein.fasta,XM_025594307.1,33.333,54,34,1,174,225,61,222,9.00e-04,43.5,51.85,0,1
acuM_protein.fasta,XM_001392851.2,41.860,43,23,1,187,227,699,827,0.002,42.0,53.49,0,3
ags3_protein.fasta,XM_001402308.2,77.527,2434,488,12,1,2412,1,7191,0.0,3806,86.03,0,1
ags3_protein.fasta,XM_025604697.1,77.609,2434,486,12,1,2412,250,7440,0.0,3803,85.99,0,1
ags3_protein.fasta,AM270097.1,75.865,2283,480,14,164,2412,25309,32046,0.0,3471,84.63,0,1
ags3_protein.fasta,AM270097.1,76.263,198,26,1,3,179,24725,25318,1.33e-79,296,81.82,0,2
ags3_protein.fasta,AY530786.1,75.821,2283,481,14,164,2412,3374,10111,0.0,3468,84.58,0,2
ags3_protein.fasta,AY530786.1,76.768,198,25,1,3,179,2790,3383,8.19e-80,296,81.82,0,3
ags3_protein.fasta,XM_025603409.1,54.672,2440,1020,24,22,2412,55,7263,0.0,2618,70.16,0,1
ags3_protein.fasta,XM_025600104.1,55.297,2454,987,31,22,2412,55,7275,0.0,2608,70.17,0,1
ags3_protein.fasta,XM_001399425.2,55.012,2414,1038,24,22,2412,55,7221,0.0,2608,70.67,0,1
ags3_protein.fasta,XM_001393586.2,55.171,2456,987,28,22,2412,55,7275,0.0,2607,69.83,0,1
ags3_protein.fasta,XM_025604808.1,54.186,2425,1040,24,22,2412,55,7218,0.0,2564,69.03,0,1
ags3_protein.fasta,XM_001395290.2,53.652,2423,1039,24,22,2412,55,7167,0.0,2523,68.55,0,1
alb1_protein.fasta,XM_025596156.1,69.477,2159,640,9,1,2146,1,6459,0.0,3055,82.08,0,1
alb1_protein.fasta,XM_001393847.2,68.913,2152,636,9,1,2146,1,6375,0.0,3006,81.46,0,1
alb1_protein.fasta,AM270206.1,72.011,1422,376,4,190,1591,103933,99674,0.0,2193,84.95,0,-1
alb1_protein.fasta,AM270206.1,62.105,570,201,5,1588,2146,99626,97929,1.32e-175,602,73.68,0,-3
alb1_protein.fasta,AM270206.1,69.792,96,29,0,1,96,104605,104318,5.74e-60,142,79.17,0,-1
alb1_protein.fasta,AM270206.1,52.381,105,49,1,97,200,104267,103953,5.74e-60,111,71.43,0,-3
alb1_protein.fasta,AM270206.1,35.217,230,122,3,540,749,553,1221,1.09e-40,140,50.87,0,1
alb1_protein.fasta,AM270206.1,24.783,230,118,10,749,949,1274,1885,1.09e-40,49.3,39.13,0,2
alb1_protein.fasta,XM_001390388.2,45.044,2169,1111,28,1,2144,64,6402,0.0,1857,63.07,0,1
alb1_protein.fasta,XM_025600768.1,44.899,2176,1111,29,1,2144,64,6423,0.0,1852,62.91,0,1
alb1_protein.fasta,XM_025604407.1,38.810,1765,985,33,6,1717,4,5172,0.0,1138,56.54,0,1
alb1_protein.fasta,XM_025604407.1,28.571,91,64,1,1751,1841,4903,5172,0.002,44.7,51.65,0,1
alb1_protein.fasta,XM_001402272.2,39.587,1647,931,28,114,1717,133,5010,0.0,1107,57.74,0,1
alb1_protein.fasta,XM_001402272.2,28.571,91,64,1,1751,1841,4741,5010,0.002,44.3,51.65,0,1
alb1_protein.fasta,XM_025597520.1,36.441,1641,988,23,6,1603,117,5003,0.0,1046,55.88,0,3
alb1_protein.fasta,XM_025597520.1,28.916,83,55,2,1756,1834,5199,5447,8.91e-04,45.8,54.22,0,3
alb1_protein.fasta,AM270243.1,36.441,1641,988,23,6,1603,5927,1041,0.0,1046,55.88,0,-1
alb1_protein.fasta,AM270243.1,28.916,83,55,2,1756,1834,845,597,0.001,45.8,54.22,0,-1
alb1_protein.fasta,JN257714.1,36.258,1641,991,22,6,1603,7909,12795,0.0,1046,55.70,0,1
alb1_protein.fasta,JN257714.1,28.916,83,55,2,1756,1834,12991,13239,8.12e-04,45.8,54.22,0,1
areA_protein.fasta,XM_025594928.1,73.756,884,200,17,13,881,40,2640,0.0,1101,82.13,0,1
areA_protein.fasta,AM270287.1,70.678,914,206,19,13,881,4013,1323,0.0,1069,78.99,0,-3
areA_protein.fasta,X81998.1,69.717,918,211,18,13,881,1322,4021,0.0,1061,77.89,0,2
areA_protein.fasta,XM_001395911.2,70.023,884,199,20,13,881,40,2538,0.0,1028,78.17,0,1
areA_protein.fasta,XM_001399328.2,78.049,41,9,0,680,720,76,198,7.25e-14,74.7,82.93,0,1
areA_protein.fasta,XM_025597613.1,78.049,41,9,0,680,720,507,629,6.31e-13,73.2,82.93,0,3
areA_protein.fasta,AM269999.1,78.049,41,9,0,680,720,20592,20714,1.03e-11,70.5,82.93,0,3
areA_protein.fasta,XM_025601983.1,50.000,68,34,0,653,720,745,948,2.46e-11,68.2,63.24,0,1
areA_protein.fasta,XM_025601983.1,53.659,41,11,1,680,720,358,456,2.25e-05,49.3,60.98,0,1
areA_protein.fasta,XM_001388638.2,50.000,68,34,0,653,720,1600,1803,3.47e-11,68.2,63.24,0,1
areA_protein.fasta,XM_001388638.2,53.659,41,11,1,680,720,1213,1311,2.80e-05,48.9,60.98,0,1
areA_protein.fasta,AM269955.1,53.659,41,11,1,680,720,120925,120827,1.31e-04,47.0,60.98,0,-3
areA_protein.fasta,AM269955.1,46.296,54,29,0,653,706,120538,120377,0.003,42.7,57.41,0,-3
cat1_protein.fasta,XM_025599682.1,79.258,728,147,2,1,727,71,2245,0.0,1113,87.50,0,2
cat1_protein.fasta,XM_001388558.2,79.258,728,147,2,1,727,52,2226,0.0,1112,87.50,0,1
cat1_protein.fasta,XM_025597269.1,59.917,726,286,4,5,727,344,2515,0.0,860,75.76,0,2
cat1_protein.fasta,XM_001388584.2,59.780,726,287,4,5,727,40,2211,0.0,856,75.76,0,1
cat1_protein.fasta,Z23138.1,55.464,366,160,2,363,727,1648,2739,0.0,390,72.40,0,1
cat1_protein.fasta,Z23138.1,61.111,216,66,1,165,362,951,1598,0.0,275,72.69,0,3
cat1_protein.fasta,Z23138.1,53.191,94,42,2,5,96,342,623,0.0,108,74.47,0,3
cat1_protein.fasta,Z23138.1,69.231,78,24,0,96,173,683,916,0.0,90.1,79.49,0,2
cat1_protein.fasta,AM269954.1,55.191,366,161,2,363,727,129606,128515,0.0,389,72.68,0,-2
cat1_protein.fasta,AM269954.1,61.574,216,65,1,165,362,130303,129656,0.0,279,73.15,0,-1
cat1_protein.fasta,AM269954.1,53.191,94,42,2,5,96,130913,130632,0.0,108,74.47,0,-3
cat1_protein.fasta,AM269954.1,66.667,78,26,0,96,173,130572,130339,0.0,86.7,79.49,0,-2
cat1_protein.fasta,AM269954.1,49.256,739,242,17,96,727,63750,61612,1.17e-178,500,58.05,0,-2
cat1_protein.fasta,AM269954.1,73.958,96,22,1,1,96,64075,63797,1.17e-178,148,84.38,0,-1
cat1_protein.fasta,AM269954.1,68.404,307,96,1,423,728,62529,61609,1.10e-109,368,79.80,0,-2
cat1_protein.fasta,AM269954.1,54.603,315,92,11,171,439,63475,62546,4.14e-83,290,64.13,0,-1
cat1_protein.fasta,XM_001393592.1,49.275,483,241,4,75,556,196,1635,9.88e-141,431,63.15,0,1
cat1_protein.fasta,XM_025599388.1,48.387,496,246,5,55,545,133,1605,1.97e-136,420,62.30,0,1
cat1_protein.fasta,XM_001400661.2,47.177,496,238,6,55,545,82,1512,1.55e-128,399,60.28,0,1
cat1_protein.fasta,AM270197.1,43.989,366,201,4,192,556,43637,42549,4.48e-109,296,59.29,0,-3
cat1_protein.fasta,AM270197.1,61.207,116,40,1,87,197,44004,43657,4.48e-109,120,70.69,0,-2
cat2_protein.fasta,XM_025599678.1,76.640,762,175,2,1,759,174,2459,0.0,1196,85.43,0,3
cat2_protein.fasta,XM_001388585.2,76.640,762,175,2,1,759,113,2398,0.0,1196,85.43,0,2
cat2_protein.fasta,AM269954.1,76.640,762,175,2,1,759,132504,134789,0.0,1196,85.43,0,3
cat2_protein.fasta,XM_001392947.2,26.287,369,164,9,61,429,157,939,2.35e-21,97.4,38.21,0,1
cat2_protein.fasta,XM_001392947.2,24.315,292,183,13,467,751,184,966,4.33e-05,47.4,41.44,0,1
cat2_protein.fasta,XM_025595932.1,26.287,369,164,9,61,429,157,939,4.73e-21,97.4,38.21,0,1
cat2_protein.fasta,XM_025595932.1,24.315,292,183,13,467,751,184,966,4.93e-05,47.4,41.44,0,1
cat2_protein.fasta,AM270178.1,30.337,178,81,4,252,429,60229,60633,3.37e-14,78.2,42.70,0,1
cat2_protein.fasta,XM_001401736.2,27.099,262,156,12,484,744,772,1455,2.72e-10,64.7,43.89,0,1
cat2_protein.fasta,XM_001401736.2,33.051,118,75,2,61,178,691,1032,1.71e-06,52.4,51.69,0,1
cat2_protein.fasta,XM_025594129.1,26.523,279,163,13,484,754,361,1095,4.55e-10,63.9,43.37,0,1
cat2_protein.fasta,XM_025594129.1,33.051,118,75,2,61,178,280,621,1.32e-06,52.8,51.69,0,1
cat2_protein.fasta,AM270075.1,27.519,258,152,12,488,744,210416,209745,5.61e-10,64.3,44.19,0,-3
cat2_protein.fasta,AM270075.1,36.905,84,52,1,95,178,210416,210168,0.013,40.4,52.38,0,-3
cgrA_protein.fasta,XM_025599973.1,76.596,47,9,1,1,47,80,214,5.87e-18,77.0,87.23,0,2
cgrA_protein.fasta,XM_001390523.2,76.596,47,9,1,1,47,151,285,8.28e-18,76.6,87.23,0,1
cgrA_protein.fasta,AM270061.1,85.714,28,4,0,20,47,180053,179970,1.78e-10,57.4,96.43,0,-1
chsC_protein.fasta,XM_001396047.2,82.419,893,142,4,1,890,1,2643,0.0,1449,90.03,0,1
chsC_protein.fasta,XM_025594853.1,82.294,898,147,4,1,893,1,2673,0.0,1443,89.87,0,1
chsC_protein.fasta,XM_003188815.1,82.346,895,146,4,1,890,117,2780,0.0,1437,89.83,0,3
chsC_protein.fasta,XM_025604328.1,72.106,864,230,7,36,893,91,2667,0.0,1253,84.14,0,1
chsC_protein.fasta,XM_001390474.2,71.991,864,231,7,36,893,91,2667,0.0,1249,83.91,0,1
chsC_protein.fasta,XM_025605347.1,71.564,844,213,5,57,887,354,2843,0.0,1176,81.64,0,3
chsC_protein.fasta,XM_001393680.2,71.564,844,213,5,57,887,235,2724,0.0,1175,81.64,0,1
chsC_protein.fasta,AM270291.1,85.868,559,79,0,290,848,13420,11744,0.0,939,93.20,0,-2
chsC_protein.fasta,AM270291.1,96.667,120,4,0,170,289,13896,13537,0.0,254,100.00,0,-3
chsC_protein.fasta,AM270291.1,66.667,129,33,3,43,168,14326,13961,1.11e-37,154,72.87,0,-2
chsC_protein.fasta,AM270291.1,79.545,44,9,0,847,890,11687,11556,4.30e-14,78.2,93.18,0,-1
chsC_protein.fasta,AM270061.1,74.480,529,80,3,170,643,36732,38318,0.0,806,82.42,0,3
chsC_protein.fasta,AM270061.1,61.649,279,86,3,634,893,38336,39166,1.52e-86,305,77.06,0,2
chsC_protein.fasta,AM270061.1,69.841,63,18,1,107,168,36487,36675,7.68e-19,94.0,85.71,0,1
chsC_protein.fasta,AM270199.1,81.448,442,62,2,153,574,104243,102918,0.0,766,88.24,0,-2
chsC_protein.fasta,AM270199.1,62.230,278,103,2,572,848,102859,102029,0.0,267,74.82,0,-3
chsC_protein.fasta,AM270199.1,48.718,39,20,0,849,887,101960,101844,0.0,50.4,82.05,0,-2
chsC_protein.fasta,AM270199.1,62.857,70,20,1,105,168,104460,104251,8.63e-17,87.0,71.43,0,-1
chsG_protein.fasta,XM_025605347.1,91.319,910,72,3,1,905,120,2843,0.0,1653,94.73,0,3
chsG_protein.fasta,XM_001393680.2,91.319,910,72,3,1,905,1,2724,0.0,1653,94.73,0,1
chsG_protein.fasta,XM_001396047.2,67.987,909,245,9,8,907,25,2640,0.0,1202,79.32,0,1
chsG_protein.fasta,XM_025594853.1,71.530,843,225,5,78,911,163,2673,0.0,1201,83.39,0,1
chsG_protein.fasta,XM_003188815.1,71.633,839,223,5,78,907,279,2777,0.0,1197,83.43,0,3
chsG_protein.fasta,XM_025604328.1,69.511,797,240,3,115,911,286,2667,0.0,1155,83.06,0,1
chsG_protein.fasta,XM_001390474.2,69.260,797,242,3,115,911,286,2667,0.0,1150,82.81,0,1
chsG_protein.fasta,AM270199.1,92.180,422,16,1,188,592,104183,102918,0.0,823,94.31,0,-2
chsG_protein.fasta,AM270199.1,89.170,277,30,0,590,866,102859,102029,0.0,437,94.22,0,-3
chsG_protein.fasta,AM270199.1,83.333,162,21,2,29,186,104730,104251,2.03e-76,254,86.42,0,-1
chsG_protein.fasta,AM270199.1,78.571,28,6,0,1,28,104900,104817,2.03e-76,52.8,89.29,0,-2
chsG_protein.fasta,AM270199.1,94.872,39,2,0,867,905,101960,101844,3.68e-15,82.0,97.44,0,-2
chsG_protein.fasta,AM270291.1,73.929,560,144,2,308,866,13420,11744,0.0,816,86.07,0,-2
chsG_protein.fasta,AM270291.1,90.833,120,11,0,188,307,13896,13537,0.0,242,98.33,0,-3
chsG_protein.fasta,AM270291.1,55.952,84,31,1,109,186,14212,13961,0.0,88.2,63.10,0,-2
chsG_protein.fasta,AM270291.1,51.220,41,20,0,867,907,11681,11559,1.37e-07,57.0,80.49,0,-1
chsG_protein.fasta,AM270061.1,72.023,529,93,3,188,661,36732,38318,0.0,776,81.29,0,3
chsG_protein.fasta,AM270061.1,47.312,279,126,3,652,911,38336,39166,3.18e-68,250,64.52,0,2
chsG_protein.fasta,AM270061.1,57.746,71,29,1,116,186,36466,36675,1.22e-15,83.6,78.87,0,1
cnaA_protein.fasta,XM_025596300.1,92.724,536,37,1,1,534,546,2153,0.0,1004,96.64,0,3
cnaA_protein.fasta,XM_001391408.2,92.724,536,37,1,1,534,361,1968,0.0,1004,96.64,0,1
cnaA_protein.fasta,AM270127.1,92.157,306,22,1,211,514,12540,13457,8.16e-173,542,95.10,0,3
cnaA_protein.fasta,AM270127.1,83.465,127,21,0,14,140,11836,12216,4.76e-63,225,88.98,0,1
cnaA_protein.fasta,AM270127.1,82.692,104,18,0,125,228,12227,12538,3.72e-51,190,91.35,0,2
cnaA_protein.fasta,XM_025603579.1,41.281,281,149,4,50,327,67,870,5.13e-71,231,61.92,0,1
cnaA_protein.fasta,XM_001395340.2,41.281,281,149,4,50,327,67,870,5.83e-71,231,61.92,0,1
cnaA_protein.fasta,XM_025592866.1,38.489,278,158,2,50,327,356,1150,9.68e-67,223,62.59,0,2
cnaA_protein.fasta,XM_025594942.1,39.672,305,167,6,35,336,67,939,3.02e-65,216,57.05,0,1
cnaA_protein.fasta,XM_001395339.1,40.000,285,155,5,54,336,115,927,7.76e-65,214,59.65,0,1
cnaA_protein.fasta,XM_001394009.2,39.672,305,167,6,35,336,336,1208,1.53e-63,216,57.05,0,3
cnaA_protein.fasta,XM_025601381.1,38.225,293,167,3,33,324,4,843,1.47e-62,208,56.31,0,1
cpcA_protein.fasta,XM_025593541.1,58.635,249,95,4,1,249,295,1017,8.17e-72,227,68.27,0,1
cpcA_protein.fasta,X99215.1,54.478,268,95,5,1,249,2248,3027,1.86e-63,215,63.43,0,1
cpcA_protein.fasta,AM269976.1,78.205,78,17,0,173,250,3249,3482,1.05e-32,127,89.74,0,3
cpcA_protein.fasta,AM269976.1,53.509,114,30,4,1,95,2702,3031,5.28e-22,95.9,60.53,0,2
crzA_protein.fasta,XM_025592909.1,66.839,775,203,14,1,754,103,2328,0.0,786,76.77,0,1
crzA_protein.fasta,XM_001399006.2,66.839,775,203,14,1,754,259,2484,0.0,785,76.77,0,1
crzA_protein.fasta,AM270410.1,80.132,302,59,1,453,754,1993,1091,0.0,397,88.08,0,-1
crzA_protein.fasta,AM270410.1,57.018,456,144,12,1,435,3381,2107,0.0,391,69.30,0,-2
crzA_protein.fasta,AM270295.1,42.373,118,48,4,527,637,96980,97294,1.66e-20,99.0,55.93,0,2
crzA_protein.fasta,AM269990.1,46.078,102,54,1,548,648,31392,31697,3.52e-20,97.8,58.82,0,3
crzA_protein.fasta,XM_025593682.1,41.000,100,43,2,532,631,1552,1803,1.64e-15,82.0,52.00,0,1
crzA_protein.fasta,XM_001399797.2,41.000,100,43,2,532,631,1675,1926,1.89e-15,82.0,52.00,0,1
crzA_protein.fasta,AC253924.1,41.000,100,43,2,532,631,24361,24110,2.39e-15,82.0,52.00,0,-3
crzA_protein.fasta,AC253956.1,41.000,100,43,2,532,631,7216,7467,2.40e-15,82.0,52.00,0,1
crzA_protein.fasta,AM270015.1,41.000,100,43,2,532,631,95109,94858,2.55e-15,82.0,52.00,0,-1
dvrA_protein.fasta,XM_001397624.1,69.310,681,180,13,1,678,1,1965,0.0,803,78.41,0,1
dvrA_protein.fasta,AM270365.1,69.968,626,162,11,1,623,16703,18511,0.0,743,78.75,0,2
dvrA_protein.fasta,AM270365.1,63.158,57,16,3,623,678,18565,18723,6.47e-09,60.8,71.93,0,1
dvrA_protein.fasta,XM_025596829.1,42.169,83,43,3,97,178,31,267,1.66e-09,62.0,55.42,0,1
dvrA_protein.fasta,XM_025600849.1,54.902,51,20,1,115,162,244,396,2.08e-09,62.0,64.71,0,1
dvrA_protein.fasta,XM_025604247.1,47.761,67,31,2,98,163,151,342,2.32e-09,62.0,58.21,0,1
dvrA_protein.fasta,XM_001397151.2,42.169,83,43,3,97,178,621,857,2.43e-09,62.0,55.42,0,3
dvrA_protein.fasta,AM270094.1,47.761,67,31,2,98,163,57803,57612,5.15e-09,61.2,58.21,0,-3
dvrA_protein.fasta,XM_025603665.1,50.000,52,25,1,107,157,1892,2047,9.92e-09,59.7,63.46,0,2
dvrA_protein.fasta,XM_001398350.2,50.000,52,25,1,107,157,2094,2249,1.04e-08,59.7,63.46,0,3
dvrA_protein.fasta,XM_025594383.1,42.857,70,35,3,100,166,646,849,1.73e-08,58.5,60.00,0,1
dvrA_protein.fasta,XM_025594383.1,41.509,53,29,2,109,160,763,918,4.89e-05,47.4,60.38,0,1
ecm33_protein.fasta,XM_025600341.1,68.910,312,97,0,34,345,100,1035,4.23e-139,403,81.09,0,1
ecm33_protein.fasta,XM_003188605.1,69.497,318,97,0,28,345,332,1285,1.31e-138,410,81.45,0,2
ecm33_protein.fasta,XM_001401451.2,68.910,312,97,0,34,345,487,1422,6.92e-135,402,81.09,0,1
ecm33_protein.fasta,AM270068.1,70.522,268,79,0,34,301,41838,42641,6.56e-107,347,83.21,0,3
ecm33_protein.fasta,AM270068.1,44.000,75,28,1,285,345,42604,42828,2.66e-09,60.5,52.00,0,1
ecm33_protein.fasta,XM_025602018.1,30.216,139,90,4,213,344,148,564,1.90e-06,50.8,46.76,0,1
ecm33_protein.fasta,XM_001394089.1,30.216,139,90,4,213,344,148,564,1.90e-06,50.8,46.76,0,1
ecm33_protein.fasta,AM270222.1,33.036,112,72,2,213,321,16798,16463,7.88e-06,49.3,49.11,0,-2
gel2_protein.fasta,XM_025596111.1,67.695,486,146,2,1,475,182,1639,0.0,608,78.81,0,2
gel2_protein.fasta,XM_001392813.2,67.695,486,146,2,1,475,205,1662,0.0,608,78.81,0,1
gel2_protein.fasta,AM270172.1,60.256,312,113,2,175,475,13482,12547,2.74e-147,332,73.72,0,-3
gel2_protein.fasta,AM270172.1,60.571,175,47,1,23,175,14065,13541,2.74e-147,210,68.00,0,-2
gel2_protein.fasta,AM270172.1,81.818,44,8,0,4,47,14202,14071,1.15e-07,55.8,88.64,0,-3
gel2_protein.fasta,XM_025593027.1,49.226,323,151,7,10,329,77,1015,6.83e-94,297,63.47,0,2
gel2_protein.fasta,XM_001402396.2,49.226,323,151,7,10,329,320,1258,2.38e-93,296,63.47,0,2
gel2_protein.fasta,XM_001390460.2,41.360,353,194,6,24,372,64,1095,1.56e-81,263,58.92,0,1
gel2_protein.fasta,XM_025594199.1,41.261,349,195,6,24,372,64,1080,2.97e-80,259,59.03,0,1
gel2_protein.fasta,XM_001399407.1,37.995,379,222,8,8,381,16,1128,1.12e-78,255,58.05,0,1
gel2_protein.fasta,XM_025597557.1,40.882,340,189,6,19,352,515,1516,1.41e-76,254,57.65,0,2
gel2_protein.fasta,XM_025603705.1,41.088,331,178,7,22,347,58,1014,2.77e-75,247,58.91,0,1
glfA_protein.fasta,XM_001399962.2,92.941,510,36,0,1,510,180,1709,0.0,1014,97.84,0,3
glfA_protein.fasta,XM_025599962.1,92.941,510,36,0,1,510,358,1887,0.0,1014,97.84,0,1
glfA_protein.fasta,XM_025594695.1,69.091,495,131,3,6,497,28,1455,0.0,709,79.60,0,1
glfA_protein.fasta,AM270022.1,78.507,335,27,3,30,319,48205,47201,0.0,540,83.58,0,-2
glfA_protein.fasta,AM270022.1,94.359,195,11,0,316,510,47153,46569,0.0,395,98.97,0,-1
glfA_protein.fasta,AM270022.1,100.000,23,0,0,7,29,48345,48277,0.0,48.1,100.00,0,-3
glfA_protein.fasta,AM270360.1,57.143,490,150,6,30,460,92928,94394,2.02e-175,549,67.55,0,3
glfA_protein.fasta,AM270360.1,69.091,55,17,0,262,316,93746,93910,3.65e-16,83.2,81.82,0,2
glfA_protein.fasta,AM270360.1,78.378,37,8,0,461,497,94447,94557,1.67e-10,65.1,91.89,0,1
glfA_protein.fasta,AM270360.1,90.909,22,2,0,8,29,92792,92857,7.89e-04,43.5,95.45,0,2
glfA_protein.fasta,XM_003188905.1,70.412,267,77,1,1,265,1,801,1.98e-158,404,82.40,0,1
glfA_protein.fasta,XM_003188905.1,71.930,114,32,0,262,375,789,1130,1.98e-158,176,82.46,0,3
glfA_protein.fasta,XM_025595440.1,54.054,37,15,2,2,38,31,135,0.041,37.7,67.57,0,1
glfA_protein.fasta,XM_001399734.2,54.054,37,15,2,2,38,31,135,0.048,37.4,67.57,0,1
gliP_protein.fasta,XM_025603869.1,29.688,1600,1014,36,535,2080,43,4671,0.0,643,47.62,0,1
gliP_protein.fasta,XM_025603869.1,29.965,564,353,12,8,563,1582,3171,3.35e-42,171,44.33,0,1
gliP_protein.fasta,XM_001393339.1,29.774,1592,990,37,535,2063,43,4623,0.0,632,47.61,0,1
gliP_protein.fasta,XM_001393339.1,29.965,564,353,12,8,563,1582,3171,6.03e-43,174,44.68,0,1
gliP_protein.fasta,AM270192.1,29.602,1608,1005,37,535,2080,52990,48362,0.0,631,47.64,0,-1
gliP_protein.fasta,AM270192.1,29.965,564,353,12,8,563,51451,49862,1.78e-42,173,44.68,0,-1
gliP_protein.fasta,XM_025603647.1,25.254,2162,1294,74,18,1936,109,6357,8.59e-104,373,40.29,0,1
gliP_protein.fasta,XM_025603647.1,25.394,1016,639,33,1,936,3418,6348,2.46e-44,179,41.54,0,1
gliP_protein.fasta,XM_001389932.1,25.162,2162,1296,74,18,1936,109,6357,3.30e-103,371,40.33,0,1
gliP_protein.fasta,XM_001389932.1,25.394,1016,639,33,1,936,3418,6348,2.30e-44,179,41.54,0,1
gliP_protein.fasta,AM270044.1,25.162,2162,1296,74,18,1936,8737,2489,4.61e-103,372,40.33,0,-2
gliP_protein.fasta,AM270044.1,25.394,1016,639,33,1,936,5428,2498,2.83e-44,179,41.54,0,-2
gliP_protein.fasta,XM_001390645.2,26.064,1738,1047,56,13,1583,5353,10353,4.99e-100,362,41.54,0,1
gliP_protein.fasta,XM_001390645.2,26.915,966,572,36,1074,1935,5407,8214,3.75e-49,195,41.93,0,1
gliP_protein.fasta,XM_001390645.2,27.669,712,437,27,1052,1702,11857,13941,2.12e-47,189,43.96,0,1
gliP_protein.fasta,XM_001390645.2,25.698,716,428,25,1065,1699,703,2781,2.59e-43,176,42.74,0,1
gliP_protein.fasta,XM_001390645.2,25.350,643,389,18,21,594,11893,13755,1.60e-31,137,42.92,0,1
gliP_protein.fasta,XM_001390645.2,25.543,599,391,14,1,556,8593,10353,3.90e-28,126,42.57,0,1
gliP_protein.fasta,XM_001390645.2,25.337,667,386,23,1,586,640,2547,1.95e-26,120,41.68,0,1
gliP_protein.fasta,XM_025604800.1,26.030,1748,1035,58,13,1583,5357,10357,9.76e-100,361,41.53,0,2
gliP_protein.fasta,XM_025604800.1,26.915,966,572,36,1074,1935,5411,8218,2.14e-49,196,42.03,0,2
gliP_protein.fasta,XM_025604800.1,26.545,712,445,23,1052,1702,11861,13945,4.41e-46,185,43.12,0,2
gliP_protein.fasta,XM_025604800.1,25.670,709,437,25,1065,1699,707,2785,1.31e-43,177,43.16,0,2
gliP_protein.fasta,XM_025604800.1,25.543,599,391,13,1,556,8597,10357,8.65e-30,131,42.90,0,2
gliP_protein.fasta,XM_025604800.1,24.766,642,394,17,21,594,11897,13759,8.80e-30,131,43.46,0,2
gliP_protein.fasta,XM_025604800.1,25.187,667,387,23,1,586,644,2551,1.81e-26,120,42.13,0,2
gliP_protein.fasta,AC253863.1,25.964,1764,1042,65,1,1590,19884,24905,1.29e-99,361,41.89,0,3
gliP_protein.fasta,AC253863.1,25.176,1851,1150,58,12,1698,23166,28505,7.86e-98,355,40.57,0,3
gliP_protein.fasta,AC253863.1,25.014,1747,1057,58,23,1590,13374,18392,4.25e-85,314,41.04,0,3
gliP_protein.fasta,AC253863.1,26.238,1212,712,41,858,1936,19260,22748,5.74e-60,231,40.18,0,3
gliP_protein.fasta,AC253863.1,25.097,1036,654,34,1,968,26391,29336,6.72e-51,201,41.60,0,3
gliP_protein.fasta,AC253863.1,25.512,976,573,35,1076,1935,13404,16217,1.35e-46,187,40.47,0,3
gliP_protein.fasta,AC253863.1,25.569,747,472,22,2,682,16599,18785,1.84e-31,137,42.17,0,3
gliP_protein.fasta,XM_025602465.1,25.160,2027,1228,70,2,1821,4096,9930,4.77e-94,343,40.70,0,1
gliP_protein.fasta,XM_025602465.1,25.085,1758,1111,58,1,1612,7375,12468,5.25e-90,330,40.84,0,1
gliP_protein.fasta,XM_025602465.1,24.793,1206,732,45,863,1935,3499,6990,1.23e-49,197,40.38,0,1
gliP_protein.fasta,XM_025602465.1,26.061,848,501,30,865,1619,13402,15846,6.81e-46,184,42.45,0,1
gliP_protein.fasta,XM_025602465.1,26.471,612,373,17,1065,1613,844,2637,3.71e-36,152,42.16,0,1
gliP_protein.fasta,XM_025602465.1,25.522,623,390,17,15,583,823,2631,1.24e-28,127,43.34,0,1
gliP_protein.fasta,XM_025602465.1,25.972,643,399,21,11,604,14026,15870,2.05e-24,114,42.77,0,1
gpaB_protein.fasta,XM_025594158.1,91.292,356,31,0,1,356,1,1068,0.0,665,96.91,0,1
gpaB_protein.fasta,XM_001392662.2,91.292,356,31,0,1,356,625,1692,0.0,665,96.91,0,1
gpaB_protein.fasta,AM270168.1,74.317,183,27,1,39,201,306477,305929,2.81e-159,290,83.61,0,-2
gpaB_protein.fasta,AM270168.1,83.206,131,4,1,244,356,305675,305283,2.81e-159,216,85.50,0,-3
gpaB_protein.fasta,AM270168.1,90.000,50,5,0,195,244,305881,305732,2.81e-159,97.1,92.00,0,-1
gpaB_protein.fasta,AM270168.1,44.330,388,163,7,1,341,378977,377832,8.08e-91,298,57.47,0,-3
gpaB_protein.fasta,AM270168.1,65.152,66,23,0,1,66,306682,306485,5.64e-07,52.8,72.73,0,-1
gpaB_protein.fasta,XM_025600729.1,49.304,359,173,5,1,356,1,1059,3.41e-114,336,64.90,0,1
gpaB_protein.fasta,XM_001392691.2,49.304,359,173,5,1,356,574,1632,1.18e-108,336,64.90,0,1
gpaB_protein.fasta,XM_001399896.2,43.909,353,193,4,3,350,135,1193,7.21e-95,289,62.32,0,3
gpaB_protein.fasta,XM_025595142.1,44.321,361,185,7,3,350,4,1077,8.12e-95,287,62.60,0,1
gpaB_protein.fasta,AC253837.1,41.463,287,122,7,110,350,29319,28459,1.69e-59,208,58.19,0,-2
gpaB_protein.fasta,AC253837.1,45.455,55,30,0,42,96,29608,29444,1.18e-06,51.6,61.82,0,-1
gpaB_protein.fasta,AM270019.1,41.463,287,122,7,110,350,84375,85235,1.71e-59,208,58.19,0,3
gpaB_protein.fasta,AM270019.1,45.455,55,30,0,42,96,84086,84250,1.19e-06,51.6,61.82,0,2
gpaB_protein.fasta,XM_025604272.1,26.154,325,172,12,37,352,4,801,2.06e-13,70.5,39.69,0,1
ireA_protein.fasta,XM_025598534.1,84.629,1145,173,3,1,1143,157,3588,0.0,1801,92.40,0,1
ireA_protein.fasta,XM_001389043.2,84.716,1145,172,3,1,1143,1,3432,0.0,1801,92.40,0,1
ireA_protein.fasta,AM269971.1,83.250,997,164,3,1,995,45302,48289,0.0,1506,91.78,0,2
ireA_protein.fasta,AM269971.1,94.631,149,8,0,995,1143,48334,48780,3.54e-82,297,96.64,0,1
ireA_protein.fasta,XM_025597960.1,27.393,303,171,9,717,1012,327,1109,4.65e-20,96.7,44.55,0,3
ireA_protein.fasta,XM_001397580.2,27.393,303,171,9,717,1012,433,1215,4.75e-20,96.7,44.55,0,1
ireA_protein.fasta,XM_003188887.1,27.393,303,171,9,717,1012,446,1228,4.83e-20,96.7,44.55,0,2
ireA_protein.fasta,XM_001394465.2,30.667,225,108,9,782,1002,1,543,7.17e-16,83.2,46.67,0,1
ireA_protein.fasta,XM_025594636.1,25.562,356,204,13,660,1010,1804,2703,7.27e-15,80.9,41.57,0,1
ireA_protein.fasta,XM_001398320.2,25.562,356,204,13,660,1010,2183,3082,7.80e-15,80.9,41.57,0,2
ireA_protein.fasta,AM270388.1,25.562,356,204,13,660,1010,11377,10478,1.14e-14,80.9,41.57,0,-3
laeA_protein.fasta,XM_025596059.1,75.740,338,82,0,33,370,296,1309,0.0,548,86.98,0,2
laeA_protein.fasta,XM_001389637.2,75.740,338,82,0,33,370,590,1603,0.0,548,86.98,0,2
laeA_protein.fasta,AM269986.1,80.339,295,58,0,76,370,3021,3905,4.96e-167,518,91.86,0,3
laeA_protein.fasta,XM_001397107.1,35.172,290,182,6,84,371,121,978,1.68e-50,172,53.45,0,1
laeA_protein.fasta,XM_001394414.2,32.781,302,182,7,82,370,310,1191,8.75e-50,172,52.98,0,1
laeA_protein.fasta,XM_025593514.1,34.091,308,188,8,72,372,401,1300,3.82e-49,172,53.57,0,2
laeA_protein.fasta,XM_001390454.2,35.540,287,176,6,87,370,279,1121,1.05e-48,171,53.66,0,3
laeA_protein.fasta,XM_003188588.1,34.694,294,183,6,80,370,90,953,2.38e-48,168,52.72,0,3
laeA_protein.fasta,XM_001388979.2,34.091,308,188,8,72,372,565,1464,3.38e-48,172,53.57,0,1
laeA_protein.fasta,XM_025595657.1,35.540,287,176,6,87,370,515,1357,7.16e-48,171,53.66,0,2
mcsA_protein.fasta,XM_025592457.1,87.716,464,52,3,1,463,218,1597,0.0,805,93.75,0,2
mcsA_protein.fasta,XM_001396694.2,87.500,464,53,3,1,463,48,1427,0.0,802,93.53,0,3
mcsA_protein.fasta,KM245340.1,82.389,494,55,4,1,463,7,1485,0.0,787,88.26,0,1
mcsA_protein.fasta,AM270337.1,82.186,494,56,4,1,463,16652,18130,0.0,785,88.06,0,2
mcsA_protein.fasta,AB787287.1,86.057,459,48,1,21,463,829,2205,0.0,781,91.50,0,1
mcsA_protein.fasta,XM_025600610.1,55.895,458,188,9,5,457,34,1380,4.36e-158,457,70.31,0,1
mcsA_protein.fasta,XM_001393946.2,55.895,458,188,9,5,457,123,1469,1.67e-156,456,70.31,0,3
mcsA_protein.fasta,D63376.1,55.677,458,189,9,5,457,99,1445,2.85e-156,456,70.31,0,3
mcsA_protein.fasta,KC847093.1,54.989,451,190,8,11,457,13,1338,9.40e-151,440,68.96,0,1
mcsA_protein.fasta,HQ407432.1,50.915,328,157,2,42,368,5,979,1.71e-113,338,72.87,0,2
pes1_protein.fasta,XM_025604634.1,58.556,6329,2500,41,1,6268,95,18895,0.0,7378,74.47,0,2
pes1_protein.fasta,XM_001392310.2,58.548,5165,2050,31,757,5881,1,15342,0.0,6012,74.60,0,1
pes1_protein.fasta,XM_001392310.2,37.205,1825,1041,36,49,1827,8935,14232,0.0,1123,55.89,0,1
pes1_protein.fasta,XM_001392310.2,33.333,807,484,12,205,962,6094,8499,1.07e-114,414,51.67,0,1
pes1_protein.fasta,XM_001392310.2,58.621,290,111,4,5984,6268,15391,16248,6.60e-95,349,76.55,0,1
pes1_protein.fasta,XM_001392310.2,27.500,760,489,15,47,779,2539,4713,2.97e-71,271,47.50,0,1
pes1_protein.fasta,XM_001392310.2,24.729,461,295,15,5558,6009,7951,9204,8.99e-21,103,42.73,0,1
pes1_protein.fasta,XM_001392310.2,22.162,555,329,16,5740,6226,13051,14610,1.47e-19,99.8,40.54,0,1
pes1_protein.fasta,XM_001392310.2,23.675,283,181,8,5740,6003,1996,2796,2.24e-12,75.9,39.58,0,1
pes1_protein.fasta,XM_001392310.2,22.749,211,130,6,47,247,13546,14109,0.001,47.0,38.39,0,1
pes1_protein.fasta,AM270164.2,57.969,4135,1683,22,430,4530,17794,5453,0.0,4786,74.22,0,-1
pes1_protein.fasta,AM270164.2,61.661,879,306,8,5410,6268,2610,7,0.0,1060,77.25,0,-2
pes1_protein.fasta,AM270164.2,39.889,1444,809,27,4093,5510,17809,13577,0.0,1020,58.59,0,-1
pes1_protein.fasta,AM270164.2,61.489,779,280,6,4648,5409,4987,2660,0.0,983,76.12,0,-1
pes1_protein.fasta,AM270164.2,39.873,790,446,13,963,1733,4987,2648,0.0,535,56.96,0,-1
pes1_protein.fasta,AM270164.2,36.638,827,464,19,49,840,7876,5471,0.0,504,56.59,0,-1
pes1_protein.fasta,AM270164.2,37.500,120,73,1,837,954,5426,5067,0.0,82.4,54.17,0,-3
pes1_protein.fasta,AM270164.2,37.647,85,53,0,4013,4097,18102,17848,0.0,62.8,54.12,0,-2
pes1_protein.fasta,AM270164.2,21.818,110,74,2,1730,1827,2610,2281,0.0,34.7,46.36,0,-2
pes1_protein.fasta,AM270164.2,33.333,807,484,12,205,962,10717,8312,3.08e-114,413,51.67,0,-1
pes1_protein.fasta,AM270164.2,45.455,363,158,6,1,328,19321,18248,1.13e-102,276,59.78,0,-1
pes1_protein.fasta,AM270164.2,61.386,101,39,0,329,429,18150,17848,1.13e-102,122,74.26,0,-2
pes1_protein.fasta,AM270164.2,27.500,760,489,15,47,779,14272,12098,5.80e-71,270,47.50,0,-1
pes1_protein.fasta,AM270164.2,41.270,126,72,1,2780,2905,18619,18248,1.46e-40,110,62.70,0,-1
pes1_protein.fasta,AM270164.2,41.818,110,45,3,2907,3006,18147,17845,1.46e-40,80.9,55.45,0,-2
pes1_protein.fasta,AM270164.2,59.055,127,52,0,4521,4647,5426,5046,9.41e-38,160,77.17,0,-3
pes1_protein.fasta,AM270164.2,25.152,660,377,28,4991,5621,1899,184,5.05e-27,124,41.82,0,-2
pes1_protein.fasta,AM270164.2,33.871,124,82,0,1745,1868,18619,18248,1.51e-24,84.0,58.06,0,-1
pes1_protein.fasta,AM270164.2,30.392,102,65,2,1870,1967,18147,17848,1.51e-24,53.5,51.96,0,-2
pes1_protein.fasta,AM270164.2,25.849,530,330,22,3356,3837,2262,718,1.64e-24,116,45.47,0,-2
pes1_protein.fasta,AM270164.2,25.762,361,240,11,5011,5367,8632,7622,2.63e-21,105,45.71,0,-1
pes1_protein.fasta,AM270164.2,24.512,461,296,14,5558,6009,8860,7607,5.14e-21,104,42.30,0,-1
pes1_protein.fasta,AM270164.2,27.160,324,216,9,3506,3811,3754,2789,7.58e-20,100,46.60,0,-1
pes1_protein.fasta,AM270164.2,25.185,270,195,5,5740,6003,3598,2792,1.22e-15,86.7,46.67,0,-1
pes1_protein.fasta,AM270164.2,36.792,106,64,1,3891,3996,18556,18248,1.08e-12,77.0,56.60,0,-1
pes1_protein.fasta,AM270164.2,23.675,283,181,8,5740,6003,14815,14015,1.50e-12,76.6,39.58,0,-1
pes1_protein.fasta,AM270164.2,25.347,288,187,12,1409,1684,1620,805,4.81e-11,71.6,43.75,0,-2
pes1_protein.fasta,AM270164.2,23.984,246,164,6,5230,5466,11281,10586,5.87e-09,64.7,38.21,0,-1
pes1_protein.fasta,AM270164.2,25.828,151,104,3,2596,2738,3196,2744,1.26e-05,53.5,44.37,0,-1
pes1_protein.fasta,AM270164.2,35.000,80,49,1,5243,5322,19300,19070,8.65e-04,47.4,47.50,0,-1
pes1_protein.fasta,AM270164.2,38.889,54,33,0,4496,4549,2124,1963,8.95e-04,47.4,62.96,0,-2
pes1_protein.fasta,XM_025604800.1,34.263,2726,1664,55,2780,5444,8420,16396,0.0,1583,55.83,0,2
pes1_protein.fasta,XM_025604800.1,31.866,2385,1415,59,46,2333,77,6892,0.0,1071,51.03,0,2
pes1_protein.fasta,XM_025604800.1,33.675,2046,1248,48,2596,4578,4508,10507,0.0,1029,53.03,0,2
pes1_protein.fasta,XM_025604800.1,32.454,1630,1025,32,195,1774,11615,16426,0.0,862,53.37,0,2
pes1_protein.fasta,XM_025604800.1,32.507,1815,1079,49,3722,5468,71,5281,0.0,834,51.29,0,2
pes1_protein.fasta,XM_025604800.1,28.361,1361,836,40,3489,4753,3878,7831,2.05e-122,440,45.92,0,2
pes1_protein.fasta,XM_025604800.1,31.881,872,519,18,219,1044,8468,10996,1.72e-118,427,53.67,0,2
pes1_protein.fasta,XM_025604800.1,32.096,916,543,20,210,1072,5165,7834,3.48e-114,413,50.44,0,2
pes1_protein.fasta,XM_025604800.1,27.576,1019,660,29,1364,2354,7307,10213,6.10e-99,362,46.61,0,2
pes1_protein.fasta,XM_025604800.1,27.948,1009,611,29,1366,2329,10577,13390,2.99e-97,357,45.89,0,2
pes1_protein.fasta,XM_025604800.1,30.495,728,479,9,2775,3481,449,2614,9.16e-89,328,49.18,0,2
pes1_protein.fasta,XM_025604800.1,27.549,461,281,18,5558,6005,6980,8242,2.37e-27,125,42.73,0,2
pes1_protein.fasta,XM_025604800.1,24.376,521,335,14,5505,6018,10103,11509,1.74e-18,96.3,42.80,0,2
pes1_protein.fasta,XM_025604800.1,24.480,433,254,16,5002,5396,7124,8317,1.75e-14,82.8,39.49,0,2
pes1_protein.fasta,XM_025604800.1,23.792,269,180,11,5740,5987,15305,16099,2.07e-09,66.2,40.89,0,2
pes1_protein.fasta,XM_001390645.2,34.312,2725,1663,55,2780,5444,8416,16389,0.0,1580,55.85,0,1
pes1_protein.fasta,XM_001390645.2,31.866,2385,1415,59,46,2333,73,6888,0.0,1071,50.94,0,1
pes1_protein.fasta,XM_001390645.2,33.788,2054,1235,52,2596,4578,4504,10503,0.0,1034,53.16,0,1
pes1_protein.fasta,XM_001390645.2,33.190,1630,1012,33,195,1774,11611,16419,0.0,868,53.93,0,1
pes1_protein.fasta,XM_001390645.2,32.416,1817,1078,48,3722,5468,67,5277,0.0,833,51.02,0,1
pes1_protein.fasta,XM_001390645.2,28.353,1372,822,41,3489,4753,3874,7827,4.30e-124,446,45.70,0,1
pes1_protein.fasta,XM_001390645.2,32.302,873,514,19,219,1044,8464,10992,7.62e-120,431,53.38,0,1
pes1_protein.fasta,XM_001390645.2,32.314,916,541,21,210,1072,5161,7830,1.26e-115,417,50.87,0,1
pes1_protein.fasta,XM_001390645.2,27.353,1020,661,28,1364,2354,7303,10209,1.83e-99,364,46.67,0,1
pes1_protein.fasta,XM_001390645.2,27.861,1005,617,29,1366,2329,10573,13386,1.89e-95,351,45.87,0,1
pes1_protein.fasta,XM_001390645.2,28.105,918,559,17,2775,3645,445,3036,1.13e-88,328,45.53,0,1
pes1_protein.fasta,XM_001390645.2,27.332,461,282,18,5558,6005,6976,8238,1.38e-26,122,42.52,0,1
pes1_protein.fasta,XM_001390645.2,24.568,521,334,14,5505,6018,10099,11505,4.75e-19,98.2,42.99,0,1
pes1_protein.fasta,XM_001390645.2,23.256,516,305,19,5002,5466,7120,8547,1.88e-15,86.3,38.57,0,1
pes1_protein.fasta,XM_001390645.2,23.048,269,182,9,5740,5987,15298,16092,1.98e-09,66.2,40.15,0,1
pes1_protein.fasta,XM_025603692.1,32.019,2942,1838,58,2596,5465,8929,17484,0.0,1420,50.31,0,1
pes1_protein.fasta,XM_025603692.1,31.353,2357,1476,50,50,2339,12250,19095,0.0,1086,50.74,0,1
pes1_protein.fasta,XM_025603692.1,32.687,2166,1310,48,243,2348,4996,11229,0.0,1060,50.88,0,1
pes1_protein.fasta,XM_025603692.1,33.504,1564,931,37,3903,5429,4966,9441,0.0,786,51.92,0,1
pes1_protein.fasta,XM_025603692.1,34.311,1125,665,22,2830,3913,49,3324,3.04e-169,595,52.71,0,1
pes1_protein.fasta,XM_025603692.1,28.917,1283,825,31,2582,3810,16705,20454,1.56e-138,493,47.78,0,1
pes1_protein.fasta,XM_025603692.1,28.881,1153,720,30,3454,4555,16039,19350,1.06e-119,431,47.79,0,1
pes1_protein.fasta,XM_025603692.1,35.672,670,388,13,251,900,17482,19422,1.86e-108,394,54.48,0,1
pes1_protein.fasta,XM_025603692.1,31.829,842,497,18,251,1038,43,2499,5.56e-99,362,50.71,0,1
pes1_protein.fasta,XM_025603692.1,27.954,1041,635,23,50,1039,9088,12018,7.57e-98,359,46.21,0,1
pes1_protein.fasta,XM_025603692.1,34.424,642,401,12,2818,3453,4990,6873,2.48e-97,357,53.43,0,1
pes1_protein.fasta,XM_025603692.1,25.124,1011,672,24,1366,2339,11590,14478,3.69e-83,310,46.49,0,1
pes1_protein.fasta,XM_025603692.1,32.322,659,401,13,3919,4557,43,1944,1.30e-80,301,52.20,0,1
pes1_protein.fasta,XM_025603692.1,30.316,696,410,20,5558,6225,19162,21108,6.83e-68,259,49.28,0,1
pes1_protein.fasta,XM_025603692.1,31.333,600,361,15,1788,2356,34,1773,2.67e-59,231,49.17,0,1
pes1_protein.fasta,XM_025603692.1,24.900,498,314,11,5556,6041,11263,12612,2.50e-28,129,42.97,0,1
pes1_protein.fasta,XM_025603692.1,22.440,459,314,14,1366,1802,2071,3387,8.76e-22,107,44.44,0,1
pes1_protein.fasta,XM_025603692.1,22.508,662,435,16,5558,6209,1750,3531,6.95e-20,100,38.37,0,1
pes1_protein.fasta,XM_025603692.1,22.196,428,287,11,5043,5450,2065,3270,3.81e-14,82.0,39.72,0,1
pes1_protein.fasta,XM_025603692.1,37.931,87,48,1,5534,5620,3298,3540,6.04e-09,64.7,57.47,0,1
pes1_protein.fasta,XM_025603692.1,26.061,165,98,4,2418,2559,2767,3258,5.62e-07,58.2,42.42,0,1
pes1_protein.fasta,XM_025603692.1,40.625,64,38,0,811,874,3358,3549,1.80e-06,56.2,64.06,0,1
pes1_protein.fasta,XM_025603692.1,25.153,163,99,4,2419,2559,12280,12765,5.27e-05,51.6,42.33,0,1
pes1_protein.fasta,XM_025603692.1,35.065,77,50,0,4483,4559,3322,3552,5.49e-05,51.6,55.84,0,1
pes1_protein.fasta,XM_025603692.1,24.681,235,158,8,5747,5968,8545,9231,2.58e-04,49.3,40.85,0,1
pes1_protein.fasta,AM270372.1,33.027,2719,1682,53,2760,5409,162151,154205,0.0,1375,51.01,0,-3
pes1_protein.fasta,AM270372.1,31.116,2375,1476,51,50,2339,159268,152369,0.0,1078,50.36,0,-3
pes1_protein.fasta,AM270372.1,34.406,1491,926,28,243,1704,166658,162255,0.0,828,53.19,0,-2
pes1_protein.fasta,AM270372.1,33.841,1575,957,38,3903,5436,166688,162096,0.0,800,52.44,0,-2
pes1_protein.fasta,AM270372.1,29.709,653,396,16,1726,2348,162148,160289,0.0,264,48.09,0,-3
pes1_protein.fasta,AM270372.1,34.311,1125,665,22,2830,3913,171605,168330,3.89e-169,595,52.71,0,-2
pes1_protein.fasta,AM270372.1,28.725,1302,821,33,2582,3810,154813,151010,1.53e-136,488,47.31,0,-3
pes1_protein.fasta,AM270372.1,28.866,1164,724,30,3454,4555,155479,152114,1.52e-120,434,47.59,0,-3
pes1_protein.fasta,AM270372.1,32.167,886,531,22,50,900,154594,152042,6.71e-110,399,50.56,0,-3
pes1_protein.fasta,AM270372.1,31.829,842,497,18,251,1038,171611,169155,6.05e-99,363,50.71,0,-2
pes1_protein.fasta,AM270372.1,34.526,643,395,13,2818,3451,166664,164787,6.58e-97,356,53.50,0,-2
pes1_protein.fasta,AM270372.1,28.921,899,566,18,192,1039,162130,159500,1.05e-95,352,48.28,0,-3
pes1_protein.fasta,AM270372.1,30.483,725,459,13,3852,4555,162163,160061,5.80e-85,317,49.10,0,-3
pes1_protein.fasta,AM270372.1,25.124,1011,672,24,1366,2339,159928,157040,3.17e-83,311,46.49,0,-3
pes1_protein.fasta,AM270372.1,32.106,679,415,14,3900,4557,171671,169710,1.05e-80,302,52.14,0,-2
pes1_protein.fasta,AM270372.1,30.172,696,411,20,5558,6225,152302,150356,2.47e-68,261,49.14,0,-3
pes1_protein.fasta,AM270372.1,30.373,563,362,10,1790,2343,166637,165012,3.36e-62,241,49.91,0,-2
pes1_protein.fasta,AM270372.1,31.333,600,361,15,1788,2356,171620,169881,2.95e-59,231,49.17,0,-2
pes1_protein.fasta,AM270372.1,24.900,498,314,11,5556,6041,160255,158906,2.44e-28,129,42.97,0,-3
pes1_protein.fasta,AM270372.1,22.440,459,314,14,1366,1802,169583,168267,8.94e-22,107,44.44,0,-2
pes1_protein.fasta,AM270372.1,21.856,668,432,15,5558,6209,169904,168123,6.83e-20,100,38.47,0,-2
pes1_protein.fasta,AM270372.1,22.196,428,287,11,5043,5450,169589,168384,3.85e-14,82.0,39.72,0,-2
pes1_protein.fasta,AM270372.1,37.931,87,48,1,5534,5620,168356,168114,6.10e-09,64.7,57.47,0,-2
pes1_protein.fasta,AM270372.1,23.567,157,110,4,2596,2742,162725,162255,1.94e-07,59.7,46.50,0,-2
pes1_protein.fasta,AM270372.1,26.061,165,98,4,2418,2559,168887,168396,5.74e-07,58.2,42.42,0,-2
pes1_protein.fasta,AM270372.1,40.625,64,38,0,811,874,168296,168105,1.86e-06,56.2,64.06,0,-2
pes1_protein.fasta,AM270372.1,23.333,270,188,8,5747,6003,163109,162318,3.09e-05,52.4,39.63,0,-2
pes1_protein.fasta,AM270372.1,35.065,77,50,0,4483,4559,168332,168102,5.63e-05,51.6,55.84,0,-2
pes1_protein.fasta,AM270372.1,25.153,163,99,4,2419,2559,159238,158753,6.49e-05,51.2,42.33,0,-3
pes1_protein.fasta,XM_001397937.2,33.074,2703,1670,53,2832,5465,28,7926,0.0,1367,51.13,0,1
pes1_protein.fasta,XM_001397937.2,31.353,2357,1476,50,50,2339,2692,9537,0.0,1088,50.74,0,1
pes1_protein.fasta,XM_001397937.2,29.128,1284,821,33,2582,3810,7147,10896,3.35e-139,495,47.98,0,1
pes1_protein.fasta,XM_001397937.2,28.881,1153,720,30,3454,4555,6481,9792,4.52e-120,432,47.79,0,1
pes1_protein.fasta,XM_001397937.2,35.672,670,388,13,251,900,7924,9864,9.93e-109,394,54.48,0,1
pes1_protein.fasta,XM_001397937.2,30.444,923,588,22,2596,3483,2548,5259,2.05e-100,367,48.97,0,1
pes1_protein.fasta,XM_001397937.2,30.227,837,514,17,251,1039,16,2460,6.45e-95,348,48.86,0,1
pes1_protein.fasta,XM_001397937.2,25.124,1011,672,24,1366,2339,2032,4920,1.63e-83,311,46.49,0,1
pes1_protein.fasta,XM_001397937.2,31.748,652,406,12,3919,4555,16,1899,1.14e-81,305,50.46,0,1
pes1_protein.fasta,XM_001397937.2,30.172,696,411,20,5558,6225,9604,11550,4.00e-68,260,49.14,0,1
pes1_protein.fasta,XM_001397937.2,30.390,589,350,14,1787,2348,4,1671,6.51e-66,253,48.56,0,1
pes1_protein.fasta,XM_001397937.2,24.900,498,314,11,5556,6041,1705,3054,1.94e-28,129,42.97,0,1
pes1_protein.fasta,XM_001397937.2,25.153,163,99,4,2419,2559,2722,3207,5.14e-05,51.6,42.33,0,1
pes1_protein.fasta,AM270104.1,34.218,2373,1444,50,3126,5444,47662,40733,0.0,1335,55.46,0,-3
pes1_protein.fasta,AM270104.1,31.866,2385,1415,60,46,2333,57111,50296,0.0,1070,50.99,0,-1
pes1_protein.fasta,AM270104.1,34.343,1683,1014,41,2596,4218,52680,47725,0.0,879,53.30,0,-1
pes1_protein.fasta,AM270104.1,33.333,1617,989,33,214,1774,45454,40703,0.0,869,53.99,0,-3
pes1_protein.fasta,AM270104.1,32.416,1817,1078,48,3722,5468,57117,51907,0.0,833,51.02,0,-1
pes1_protein.fasta,AM270104.1,28.353,1372,822,41,3489,4753,53310,49357,1.02e-123,445,45.63,0,-1
pes1_protein.fasta,AM270104.1,32.314,916,541,21,210,1072,52023,49354,3.24e-115,417,50.87,0,-1
pes1_protein.fasta,AM270104.1,40.663,332,196,1,219,549,48720,47725,9.78e-114,281,64.16,0,-1
pes1_protein.fasta,AM270104.1,27.222,540,317,18,551,1044,47659,46130,9.78e-114,153,46.85,0,-3
pes1_protein.fasta,AM270104.1,30.688,857,545,18,2639,3464,45937,43421,2.09e-112,407,52.04,0,-3
pes1_protein.fasta,AM270104.1,27.767,1012,609,29,1366,2329,46549,43736,2.33e-95,351,45.65,0,-3
pes1_protein.fasta,AM270104.1,26.550,742,496,20,1364,2083,49881,47737,2.49e-94,250,46.23,0,-1
pes1_protein.fasta,AM270104.1,30.224,268,156,8,2089,2349,47659,46928,2.49e-94,120,48.88,0,-3
pes1_protein.fasta,AM270104.1,28.105,918,559,17,2775,3645,56739,54148,3.20e-88,327,45.53,0,-1
pes1_protein.fasta,AM270104.1,27.332,461,282,18,5558,6005,50208,48946,1.54e-26,122,42.52,0,-1
pes1_protein.fasta,AM270104.1,24.568,521,334,14,5505,6018,47023,45617,8.97e-19,97.4,42.99,0,-3
pes1_protein.fasta,AM270104.1,23.256,516,305,19,5002,5466,50064,48637,3.12e-15,85.5,38.57,0,-1
pes1_protein.fasta,AM270104.1,23.048,269,182,9,5740,5987,41824,41030,4.17e-09,65.1,40.15,0,-3
pes1_protein.fasta,XM_001395326.2,31.003,2374,1457,51,51,2339,6847,13680,0.0,1014,49.41,0,1
pes1_protein.fasta,XM_001395326.2,31.576,2049,1278,43,3478,5466,6100,12054,0.0,989,51.24,0,1
pes1_protein.fasta,XM_001395326.2,29.440,2055,1243,56,2606,4573,13,5817,0.0,707,47.20,0,1
pes1_protein.fasta,XM_001395326.2,29.268,1271,823,27,2596,3827,11335,15036,1.94e-139,496,47.44,0,1
pes1_protein.fasta,XM_001395326.2,29.198,1209,769,29,3473,4633,10714,14223,2.95e-131,469,47.97,0,1
pes1_protein.fasta,XM_001395326.2,31.020,951,586,20,47,958,11494,14253,4.40e-112,405,48.79,0,1
pes1_protein.fasta,XM_001395326.2,31.960,801,477,14,200,949,445,2796,4.10e-105,382,51.31,0,1
pes1_protein.fasta,XM_001395326.2,31.836,757,471,12,2827,3577,7420,9573,8.72e-104,378,50.99,0,1
pes1_protein.fasta,XM_001395326.2,34.024,676,424,9,3907,4578,565,2538,1.82e-103,377,54.44,0,1
pes1_protein.fasta,XM_001395326.2,28.418,1024,668,25,1340,2333,2515,5481,1.14e-102,374,47.27,0,1
pes1_protein.fasta,XM_001395326.2,29.856,901,560,25,6,872,3184,5772,3.29e-89,330,48.17,0,1
pes1_protein.fasta,XM_001395326.2,29.697,825,478,25,2596,3368,3157,5481,6.99e-87,322,48.24,0,1
pes1_protein.fasta,XM_001395326.2,26.120,1049,689,30,1329,2347,6079,9057,7.08e-75,283,43.28,0,1
pes1_protein.fasta,XM_001395326.2,27.396,814,498,20,1560,2352,16,2241,4.20e-67,257,44.35,0,1
pes1_protein.fasta,XM_001395326.2,30.973,452,290,9,5030,5466,2554,3888,3.21e-57,224,50.88,0,1
pes1_protein.fasta,XM_001395326.2,28.402,507,306,14,5539,6033,13690,15075,6.95e-37,157,45.96,0,1
pes1_protein.fasta,XM_001395326.2,22.510,502,319,13,5549,6020,2248,3633,1.98e-16,89.4,38.65,0,1
pes1_protein.fasta,XM_001395326.2,23.810,357,248,7,1331,1683,13969,14979,4.48e-14,81.6,40.62,0,1
pes1_protein.fasta,XM_001395326.2,28.125,192,130,4,5817,6005,6541,7101,6.32e-14,81.3,46.35,0,1
pes1_protein.fasta,XM_001395326.2,32.812,64,43,0,5558,5621,9106,9297,1.30e-04,50.1,56.25,0,1
pes1_protein.fasta,XM_001395326.2,35.135,74,43,2,5573,5645,5623,5832,0.009,44.3,60.81,0,1
pig_a_protein.fasta,XM_025601745.1,87.395,476,38,2,1,472,19,1392,0.0,864,91.18,0,1
pig_a_protein.fasta,XM_001389374.2,87.395,476,38,2,1,472,112,1485,0.0,864,91.18,0,1
pig_a_protein.fasta,AM269980.1,81.400,500,38,4,10,472,20216,18771,0.0,823,85.00,0,-2
pig_a_protein.fasta,XM_001397265.2,29.508,122,77,2,209,324,4402,4758,7.17e-05,46.6,42.62,0,1
pig_a_protein.fasta,XM_025603222.1,29.508,122,77,2,209,324,4369,4725,8.19e-05,46.6,42.62,0,1
pig_a_protein.fasta,XM_025603409.1,31.304,115,70,2,213,321,4366,4701,3.65e-04,44.3,42.61,0,1
pig_a_protein.fasta,XM_001399425.2,31.304,115,70,2,213,321,4366,4701,3.65e-04,44.3,42.61,0,1
pig_a_protein.fasta,AM270004.1,31.304,115,70,2,213,321,44658,44323,3.88e-04,44.3,42.61,0,-2
pig_a_protein.fasta,XM_001393586.2,26.923,156,104,3,209,358,4381,4836,6.79e-04,43.5,40.38,0,1
pig_a_protein.fasta,AY530790.1,27.869,122,79,2,209,324,496,852,7.00e-04,42.7,41.80,0,1
pkaC1_protein.fasta,XM_001399526.2,75.862,493,103,3,1,490,1,1440,0.0,747,83.16,0,1
pkaC1_protein.fasta,XM_025603413.1,74.949,491,107,3,1,488,1,1434,0.0,731,82.48,0,1
pkaC1_protein.fasta,X94399.2,60.000,275,94,3,1,272,715,1500,4.31e-127,292,72.36,0,1
pkaC1_protein.fasta,X94399.2,90.625,96,9,0,273,368,1568,1855,4.31e-127,183,93.75,0,2
pkaC1_protein.fasta,X94399.2,93.893,131,8,0,358,488,1884,2276,1.21e-76,262,95.42,0,3
pkaC1_protein.fasta,AM270007.1,58.909,275,97,3,1,272,6483,5698,8.38e-127,291,71.27,0,-1
pkaC1_protein.fasta,AM270007.1,90.625,96,9,0,273,368,5630,5343,8.38e-127,183,93.75,0,-2
pkaC1_protein.fasta,AM270007.1,93.893,131,8,0,358,488,5314,4922,1.64e-76,263,95.42,0,-3
pkaC1_protein.fasta,XM_001391552.2,44.575,341,176,7,161,490,97,1113,3.87e-101,308,66.57,0,1
pkaC1_protein.fasta,XM_025593626.1,42.088,297,163,5,176,467,1015,1893,8.14e-75,251,63.97,0,1
pkaC1_protein.fasta,XM_001399685.2,42.088,297,163,5,176,467,1344,2222,8.26e-74,251,63.97,0,3
pkaC1_protein.fasta,XM_025601975.1,39.118,340,193,8,135,466,1387,2388,1.03e-71,245,59.41,0,1
pkaC1_protein.fasta,XM_001398952.2,39.118,340,193,8,135,466,1438,2439,7.09e-71,245,59.41,0,1
pkaC1_protein.fasta,AM270409.1,39.306,346,194,9,135,472,35594,34581,2.05e-70,245,59.25,0,-2
pkaC1_protein.fasta,AM270409.1,40.964,83,48,1,289,370,19573,19325,6.57e-10,63.2,59.04,0,-3
pkaR_protein.fasta,AM270366.1,79.512,410,81,3,5,413,7047,8270,0.0,631,86.83,0,3
pkaR_protein.fasta,XM_025592371.1,79.756,410,80,3,5,413,205,1428,0.0,630,86.59,0,1
pkaR_protein.fasta,AJ296317.1,79.756,410,80,3,5,413,1645,2868,0.0,629,86.59,0,1
pkaR_protein.fasta,XM_001397649.2,79.512,410,81,3,5,413,236,1459,0.0,629,86.83,0,2
pkaR_protein.fasta,XM_003188891.1,79.512,410,81,3,5,413,537,1760,0.0,628,86.83,0,3
pkaR_protein.fasta,XM_025602357.1,53.061,294,135,1,113,406,217,1089,1.88e-95,295,65.65,0,1
pkaR_protein.fasta,XM_001398239.2,52.381,294,137,1,113,406,178,1050,4.25e-94,288,64.97,0,1
pkaR_protein.fasta,AM270384.1,55.046,218,98,0,189,406,56057,56710,5.56e-69,238,69.72,0,2
pkaR_protein.fasta,XM_025593609.1,31.707,82,56,0,321,402,479,724,1.51e-06,51.6,51.22,0,2
pkaR_protein.fasta,XM_025593609.1,27.059,85,51,2,190,274,479,700,0.046,37.4,45.88,0,2
pkaR_protein.fasta,XM_001391799.2,31.707,82,56,0,321,402,271,516,1.57e-06,51.6,51.22,0,1
pkaR_protein.fasta,XM_001391799.2,27.059,85,51,2,190,274,271,492,0.047,37.0,45.88,0,1
ppoA_protein.fasta,XM_025598238.1,76.787,1077,250,0,1,1077,211,3441,0.0,1781,89.51,0,1
ppoA_protein.fasta,XM_001401917.1,76.787,1077,250,0,1,1077,1,3231,0.0,1781,89.51,0,1
ppoA_protein.fasta,AM270079.1,75.262,764,184,2,169,928,102100,99812,0.0,1223,87.96,0,-1
ppoA_protein.fasta,AM270079.1,56.078,255,59,3,1,202,102813,102049,3.71e-74,271,66.67,0,-2
ppoA_protein.fasta,AM270079.1,64.773,176,34,1,930,1077,99728,99201,8.74e-66,245,77.84,0,-3
ppoA_protein.fasta,XM_025595144.1,49.577,1063,506,7,22,1078,196,3312,0.0,1092,68.77,0,1
ppoA_protein.fasta,XM_001399889.2,49.577,1063,506,7,22,1078,260,3376,0.0,1092,68.77,0,2
ppoA_protein.fasta,XM_025596006.1,39.681,1066,598,19,34,1072,277,3420,0.0,712,57.41,0,1
ppoA_protein.fasta,XM_001395183.2,39.550,1067,598,19,34,1072,277,3420,0.0,711,57.26,0,1
ppoA_protein.fasta,AM270019.1,65.574,122,42,0,456,577,58043,57678,9.49e-154,179,81.15,0,-1
ppoA_protein.fasta,AM270019.1,40.314,191,95,2,573,763,57640,57125,9.49e-154,147,58.64,0,-2
ppoA_protein.fasta,AM270019.1,50.000,138,68,1,755,891,57098,56685,9.49e-154,142,69.57,0,-1
ppoA_protein.fasta,AM270019.1,39.572,187,92,3,289,458,58632,58084,9.49e-154,140,60.96,0,-3
ppoA_protein.fasta,AM270019.1,37.946,224,99,4,19,202,59739,59068,6.60e-68,144,52.68,0,-3
ppoA_protein.fasta,AM270019.1,50.746,134,43,2,203,313,59014,58613,6.60e-68,135,66.42,0,-2
ppoA_protein.fasta,AM270019.1,45.000,100,53,1,968,1065,56364,56065,2.50e-19,95.9,63.00,0,-3
ppoA_protein.fasta,AM270262.1,48.092,262,134,2,314,573,8327,9112,1.89e-120,249,67.56,0,2
ppoA_protein.fasta,AM270262.1,48.538,171,62,3,169,313,7744,8256,1.89e-120,149,63.16,0,1
ppoA_protein.fasta,AM270262.1,32.836,134,59,3,34,138,7129,7524,1.89e-120,67.0,48.51,0,1
ppoA_protein.fasta,AM270262.1,50.000,36,18,0,139,174,7602,7709,1.89e-120,32.3,55.56,0,3
ppoA_protein.fasta,AM270262.1,29.341,167,105,6,599,759,9308,9787,1.52e-13,76.6,56.29,0,2
ppoA_protein.fasta,AM270262.1,44.928,69,38,0,974,1042,10626,10832,1.67e-10,67.0,59.42,0,3
ppoA_protein.fasta,XM_001400949.2,33.684,95,49,5,932,1016,526,798,0.041,38.5,45.26,0,1
ppoB_protein.fasta,XM_025595144.1,57.860,1075,434,5,49,1122,151,3321,0.0,1316,74.23,0,1
ppoB_protein.fasta,XM_001399889.2,57.860,1075,434,5,49,1122,215,3385,0.0,1316,74.23,0,2
ppoB_protein.fasta,XM_025598238.1,49.301,1073,525,7,54,1116,244,3435,0.0,1100,66.64,0,1
ppoB_protein.fasta,XM_001401917.1,49.301,1073,525,7,54,1116,34,3225,0.0,1100,66.64,0,1
ppoB_protein.fasta,AM270079.1,50.535,748,350,7,234,969,102031,99812,0.0,789,68.32,0,-1
ppoB_protein.fasta,AM270079.1,42.775,173,71,1,972,1116,99725,99207,0.0,141,54.34,0,-3
ppoB_protein.fasta,AM270079.1,32.245,245,112,4,54,245,102780,102049,1.16e-29,130,47.35,0,-2
ppoB_protein.fasta,XM_001395183.2,40.266,1053,586,16,92,1117,322,3432,0.0,737,57.17,0,1
ppoB_protein.fasta,XM_025596006.1,40.171,1053,587,16,92,1117,322,3432,0.0,735,57.08,0,1
ppoB_protein.fasta,AM270019.1,85.470,117,17,0,500,616,58043,57693,0.0,214,92.31,0,-1
ppoB_protein.fasta,AM270019.1,48.023,177,77,1,618,794,57637,57152,0.0,174,64.41,0,-2
ppoB_protein.fasta,AM270019.1,50.000,138,69,0,795,932,57098,56685,0.0,144,68.84,0,-1
ppoB_protein.fasta,AM270019.1,63.043,92,34,0,1015,1106,56340,56065,0.0,130,78.26,0,-3
ppoB_protein.fasta,AM270019.1,43.373,83,46,1,931,1013,56638,56393,0.0,84.3,73.49,0,-2
ppoB_protein.fasta,AM270019.1,42.194,237,96,3,49,245,59775,59068,1.63e-130,180,56.12,0,-3
ppoB_protein.fasta,AM270019.1,49.730,185,68,4,359,518,58569,58015,1.63e-130,179,62.70,0,-3
ppoB_protein.fasta,AM270019.1,54.815,135,42,2,246,362,59014,58613,1.63e-130,151,68.15,0,-2
ppoB_protein.fasta,AM270262.1,39.278,471,225,6,363,784,8327,9703,5.56e-91,323,53.50,0,2
ppoB_protein.fasta,AM270262.1,35.904,376,143,13,92,373,7174,8289,5.27e-43,173,48.40,0,1
ppoB_protein.fasta,AM270262.1,40.196,102,54,2,1015,1110,10626,10928,3.45e-11,69.3,50.98,0,3
ppoC_protein.fasta,XM_025595144.1,66.874,1123,345,5,1,1121,1,3294,0.0,1513,78.45,0,1
ppoC_protein.fasta,XM_001399889.2,66.785,1123,346,5,1,1121,65,3358,0.0,1513,78.45,0,2
ppoC_protein.fasta,XM_001401917.1,49.205,1069,525,8,61,1121,40,3216,0.0,1052,65.76,0,1
ppoC_protein.fasta,XM_025598238.1,49.205,1069,525,8,61,1121,250,3426,0.0,1051,65.76,0,1
ppoC_protein.fasta,AM270079.1,50.545,734,349,6,251,976,101998,99815,0.0,764,67.44,0,-1
ppoC_protein.fasta,AM270079.1,37.398,246,97,5,61,253,102774,102049,0.0,136,52.03,0,-2
ppoC_protein.fasta,AM270079.1,37.059,170,79,1,980,1121,99725,99216,0.0,110,47.65,0,-3
ppoC_protein.fasta,XM_001395183.2,40.974,1047,580,18,97,1119,316,3414,0.0,709,56.45,0,1
ppoC_protein.fasta,XM_025596006.1,40.879,1047,581,18,97,1119,316,3414,0.0,707,56.35,0,1
ppoC_protein.fasta,AM270019.1,70.482,166,30,2,370,516,58557,58060,0.0,244,78.92,0,-3
ppoC_protein.fasta,AM270019.1,86.066,122,17,0,508,629,58043,57678,0.0,224,95.08,0,-1
ppoC_protein.fasta,AM270019.1,50.676,296,93,8,1,253,59925,59068,0.0,204,58.45,0,-3
ppoC_protein.fasta,AM270019.1,67.910,134,25,1,254,369,59014,58613,0.0,184,74.63,0,-2
ppoC_protein.fasta,AM270019.1,55.721,201,66,3,608,800,57715,57158,5.27e-149,219,66.17,0,-2
ppoC_protein.fasta,AM270019.1,54.745,137,62,0,803,939,57098,56688,5.27e-149,168,73.72,0,-1
ppoC_protein.fasta,AM270019.1,60.638,94,37,0,1021,1114,56346,56065,5.27e-149,122,75.53,0,-3
ppoC_protein.fasta,AM270019.1,47.500,80,41,1,939,1018,56638,56402,5.27e-149,83.6,75.00,0,-2
ppoC_protein.fasta,AM270262.1,39.149,470,228,7,370,792,8327,9703,2.37e-87,312,53.40,0,2
ppoC_protein.fasta,AM270262.1,44.633,177,75,3,226,380,7762,8289,2.73e-32,138,58.76,0,1
ppoC_protein.fasta,AM270262.1,38.211,123,44,3,96,189,7165,7524,7.89e-15,81.3,52.03,0,1
rasA_protein.fasta,XM_025593036.1,95.305,213,9,1,1,213,498,1133,4.51e-140,398,99.06,0,3
rasA_protein.fasta,XM_001388633.2,95.305,213,9,1,1,213,563,1198,8.53e-139,398,99.06,0,2
rasA_protein.fasta,AM269955.1,83.117,154,4,1,5,136,100979,100518,1.08e-98,226,85.06,0,-2
rasA_protein.fasta,AM269955.1,91.139,79,6,1,135,213,100453,100220,1.08e-98,152,97.47,0,-3
rasA_protein.fasta,XM_025605159.1,57.143,182,55,2,9,167,205,750,1.39e-56,183,69.78,0,1
rasA_protein.fasta,XM_001390574.2,57.143,182,55,2,9,167,1309,1854,5.95e-53,183,69.78,0,1
rasA_protein.fasta,XM_001391469.1,50.562,178,87,1,7,183,13,546,1.92e-51,166,71.91,0,1
rasA_protein.fasta,XM_025593089.1,50.562,178,87,1,7,183,149,682,5.44e-50,166,71.91,0,2
rasA_protein.fasta,AC253886.1,54.491,167,53,2,24,167,11867,12367,2.08e-49,173,67.07,0,2
rasA_protein.fasta,AM270101.1,54.491,167,53,2,24,167,87950,88450,2.09e-49,173,67.07,0,2
rasA_protein.fasta,XM_001398429.1,37.423,163,99,2,21,182,58,540,2.82e-33,119,60.74,0,1
rasB_protein.fasta,XM_025605159.1,89.167,240,22,3,1,239,196,906,2.59e-120,346,91.67,0,1
rasB_protein.fasta,XM_001390574.2,89.167,240,22,3,1,239,1300,2010,6.65e-113,346,91.67,0,1
rasB_protein.fasta,AC253886.1,81.061,264,22,4,1,239,11741,12523,1.33e-104,332,83.33,0,2
rasB_protein.fasta,AM270101.1,81.061,264,22,4,1,239,87824,88606,1.34e-104,332,83.33,0,2
rasB_protein.fasta,XM_025593036.1,56.044,182,57,2,4,185,522,998,6.02e-50,169,70.33,0,3
rasB_protein.fasta,XM_001388633.2,56.044,182,57,2,4,185,587,1063,3.43e-49,169,70.33,0,2
rasB_protein.fasta,XM_001391469.1,38.150,173,83,3,16,187,55,504,9.42e-30,111,57.80,0,1
rasB_protein.fasta,XM_025593089.1,38.150,173,83,3,16,187,191,640,9.46e-29,111,57.80,0,2
rasB_protein.fasta,AM269955.1,54.331,127,36,1,4,108,100967,100587,1.60e-27,111,66.93,0,-2
rasB_protein.fasta,AM269955.1,62.857,35,13,0,153,187,100453,100349,3.11e-07,52.0,82.86,0,-3
rasB_protein.fasta,XM_001395004.2,33.529,170,113,0,16,185,364,873,2.30e-22,95.5,52.94,0,1
rhbA_protein.fasta,XM_001398429.1,95.187,187,9,0,1,187,1,561,1.32e-133,372,97.86,0,1
rhbA_protein.fasta,XM_025594644.1,94.805,154,8,0,34,187,2224,2685,6.31e-100,308,97.40,0,1
rhbA_protein.fasta,AM270393.1,70.199,151,2,2,1,108,85777,85325,7.00e-90,195,71.52,0,-3
rhbA_protein.fasta,AM270393.1,91.139,79,7,0,109,187,85271,85035,7.00e-90,154,94.94,0,-2
rhbA_protein.fasta,XM_025593036.1,39.053,169,97,2,20,183,558,1061,8.66e-34,124,60.36,0,3
rhbA_protein.fasta,XM_001388633.2,39.053,169,97,2,20,183,623,1126,2.49e-33,124,60.36,0,2
rhbA_protein.fasta,XM_025605159.1,35.593,177,90,3,9,162,208,735,5.44e-30,113,58.19,0,1
rhbA_protein.fasta,XM_001390574.2,35.593,177,90,3,9,162,1312,1839,7.47e-29,113,58.19,0,1
rhbA_protein.fasta,XM_001391469.1,35.065,154,98,2,10,162,25,483,1.84e-25,98.6,61.04,0,1
rhbA_protein.fasta,XM_025593089.1,35.065,154,98,2,10,162,161,619,2.04e-24,98.2,61.04,0,2
rhbA_protein.fasta,AC253886.1,31.343,201,90,4,9,162,11753,12352,3.18e-24,100,51.24,0,2
sebA_protein.fasta,XM_001401727.2,67.010,582,181,9,1,579,573,2294,0.0,583,79.21,0,3
sebA_protein.fasta,XM_025594084.1,67.010,582,181,9,1,579,1,1722,0.0,582,79.21,0,1
sebA_protein.fasta,AM270075.1,63.660,388,137,4,194,579,191670,190513,3.26e-105,351,76.80,0,-2
sebA_protein.fasta,AM270075.1,73.096,197,46,5,1,196,192370,191798,1.61e-64,232,83.25,0,-1
sebA_protein.fasta,XM_025603665.1,45.055,91,38,4,459,544,1808,2059,1.34e-13,75.1,57.14,0,2
sebA_protein.fasta,XM_001398350.2,45.055,91,38,4,459,544,2010,2261,1.54e-13,75.1,57.14,0,3
sebA_protein.fasta,XM_025593029.1,60.000,50,19,1,495,544,74,220,6.19e-13,73.2,82.00,0,2
sebA_protein.fasta,XM_001388691.2,60.000,50,19,1,495,544,16,162,6.20e-13,73.2,82.00,0,1
sebA_protein.fasta,XM_025599037.1,53.448,58,26,1,495,552,435,605,4.30e-12,70.5,70.69,0,3
sebA_protein.fasta,XM_025595262.1,52.941,51,23,1,495,545,40,189,2.53e-11,67.8,72.55,0,1
sebA_protein.fasta,XM_025595746.1,44.304,79,42,2,489,566,61,294,9.82e-11,65.9,58.23,0,1
sidA_protein.fasta,XM_025596876.1,81.238,501,92,1,1,501,321,1817,0.0,816,89.02,0,3
sidA_protein.fasta,XM_001390559.2,81.238,501,92,1,1,501,217,1713,0.0,816,89.02,0,1
sidA_protein.fasta,AM270101.1,78.077,520,93,2,1,501,52427,50874,0.0,803,85.58,0,-2
sidA_protein.fasta,AC197958.1,78.077,520,93,2,1,501,23382,24935,0.0,803,85.58,0,3
sidC_protein.fasta,XM_001390915.1,60.999,4746,1796,32,38,4757,13,14163,0.0,5823,76.21,0,1
sidC_protein.fasta,XM_025596066.1,60.906,4745,1802,31,38,4757,406,14556,0.0,5811,76.10,0,1
sidC_protein.fasta,AM270113.1,60.764,4766,1796,33,38,4757,60280,46067,0.0,5810,75.87,0,-1
sidC_protein.fasta,AM270113.1,32.258,93,59,2,602,693,64296,64565,5.30e-04,47.8,50.54,0,3
sidC_protein.fasta,AC253863.1,25.107,3509,2138,113,186,3530,19686,29234,0.0,676,41.12,0,3
sidC_protein.fasta,AC253863.1,25.385,3380,2034,122,355,3540,13542,22799,0.0,676,41.98,0,3
sidC_protein.fasta,AC253863.1,25.994,2162,1382,63,1466,3530,13407,19529,4.71e-131,468,41.67,0,3
sidC_protein.fasta,AC253863.1,24.604,2207,1373,65,318,2423,16722,22772,1.07e-128,461,41.78,0,3
sidC_protein.fasta,AC253863.1,25.137,2196,1317,78,335,2423,23310,29237,1.67e-115,417,41.17,0,3
sidC_protein.fasta,AC253863.1,25.695,1043,663,28,2628,3612,13539,16505,8.55e-66,252,41.80,0,3
sidC_protein.fasta,AC253863.1,25.859,990,616,31,2609,3546,23310,26081,1.39e-58,228,41.62,0,3
sidC_protein.fasta,AC253863.1,25.393,445,293,15,3650,4080,21534,22793,3.32e-25,118,45.62,0,3
sidC_protein.fasta,AC253863.1,22.484,467,317,11,3667,4110,18324,19658,1.65e-19,99.4,39.83,0,3
sidC_protein.fasta,AC253863.1,23.024,291,188,8,4221,4493,18315,19133,1.98e-07,59.3,40.55,0,3
sidC_protein.fasta,XM_001390645.2,25.796,2702,1699,87,975,3545,3937,11517,7.96e-156,550,42.23,0,1
sidC_protein.fasta,XM_001390645.2,23.570,3165,2016,116,335,3362,5491,14187,2.66e-150,531,42.46,0,1
sidC_protein.fasta,XM_001390645.2,24.694,899,571,25,1431,2283,664,3180,1.19e-50,202,43.05,0,1
sidC_protein.fasta,XM_001390645.2,28.683,638,359,22,329,922,790,2547,4.98e-47,190,43.89,0,1
sidC_protein.fasta,XM_001390645.2,27.527,643,393,25,2609,3206,817,2661,2.03e-41,171,44.95,0,1
sidC_protein.fasta,XM_001390645.2,23.862,549,362,20,3650,4173,6976,8529,5.02e-22,107,40.07,0,1
sidC_protein.fasta,XM_001390645.2,26.038,530,323,22,3647,4150,10243,11703,6.61e-14,80.5,41.13,0,1
sidC_protein.fasta,XM_001390645.2,22.936,327,217,12,966,1271,15112,16050,9.23e-06,53.5,40.37,0,1
sidC_protein.fasta,AM270104.1,25.520,1971,1230,63,975,2844,53247,47746,7.06e-150,383,41.60,0,-1
sidC_protein.fasta,AM270104.1,26.418,723,466,22,2853,3545,47665,45605,7.06e-150,172,43.57,0,-3
sidC_protein.fasta,AM270104.1,25.342,1460,888,59,335,1729,51693,47725,8.23e-144,294,43.77,0,-1
sidC_protein.fasta,AM270104.1,22.242,1713,1117,60,1729,3362,47665,42935,8.23e-144,240,41.45,0,-3
sidC_protein.fasta,AM270104.1,23.206,1366,832,44,958,2247,46600,42926,1.93e-62,241,40.63,0,-3
sidC_protein.fasta,AM270104.1,26.250,960,594,34,2625,3530,51645,48946,7.29e-57,223,42.81,0,-1
sidC_protein.fasta,AM270104.1,27.375,621,352,20,335,919,45115,43442,3.49e-52,207,46.70,0,-3
sidC_protein.fasta,AM270104.1,24.694,899,571,25,1431,2283,56520,54004,1.05e-50,202,43.05,0,-1
sidC_protein.fasta,AM270104.1,28.683,638,359,22,329,922,56394,54637,7.67e-47,189,43.89,0,-1
sidC_protein.fasta,AM270104.1,27.216,643,395,24,2609,3206,56367,54523,2.78e-41,171,44.79,0,-1
sidC_protein.fasta,AM270104.1,23.862,549,362,20,3650,4173,50208,48655,5.79e-22,107,40.07,0,-1
sidC_protein.fasta,AM270104.1,26.038,530,323,22,3647,4150,46879,45419,9.36e-14,80.1,41.13,0,-3
sidC_protein.fasta,AM270104.1,22.936,327,217,12,966,1271,42010,41072,9.54e-06,53.5,40.37,0,-3
sidC_protein.fasta,XM_001401952.2,27.778,1746,1052,58,329,2050,985,5667,7.57e-128,451,44.27,0,1
sidC_protein.fasta,XM_001401952.2,24.706,1870,1174,63,1347,3170,622,5667,3.15e-103,373,42.30,0,1
sidC_protein.fasta,XM_001401952.2,31.353,606,334,21,334,928,4072,5676,1.42e-59,231,48.18,0,1
sidC_protein.fasta,XM_001401952.2,23.644,461,310,14,3642,4097,2344,3615,1.57e-16,89.0,41.65,0,1
sidC_protein.fasta,AM270079.1,27.778,1746,1052,58,329,2050,186643,191325,7.38e-126,451,44.27,0,1
sidC_protein.fasta,AM270079.1,24.746,1871,1172,64,1347,3170,186280,191325,4.37e-102,372,42.38,0,1
sidC_protein.fasta,AM270079.1,31.353,606,334,21,334,928,189730,191334,3.55e-59,230,48.18,0,1
sidC_protein.fasta,AM270079.1,23.871,465,304,16,3642,4097,188002,189273,1.73e-16,89.4,41.94,0,1
sidC_protein.fasta,XM_025604193.1,27.377,1746,1041,59,329,2050,892,5520,9.70e-120,428,43.76,0,1
sidC_protein.fasta,XM_025604193.1,23.570,2325,1457,82,1347,3585,529,6801,1.10e-102,372,40.86,0,1
sidC_protein.fasta,XM_025604193.1,26.165,944,550,33,334,1252,3979,6444,1.99e-55,217,42.69,0,1
sidC_protein.fasta,XM_025604193.1,23.644,461,310,14,3642,4097,2251,3522,1.54e-16,89.4,41.65,0,1
sidC_protein.fasta,XM_025603692.1,24.008,2520,1575,86,973,3372,8371,15270,4.48e-117,422,40.95,0,1
sidC_protein.fasta,XM_025603692.1,25.307,2035,1184,72,335,2246,9781,15246,5.27e-115,415,42.65,0,1
sidC_protein.fasta,XM_025603692.1,26.690,1154,685,43,969,2053,16183,19368,9.82e-65,248,43.07,0,1
sidC_protein.fasta,XM_025603692.1,23.009,1482,934,52,2117,3530,8476,12504,1.44e-62,241,39.95,0,1
sidC_protein.fasta,XM_025603692.1,23.087,1516,938,55,2114,3530,16300,20460,1.63e-62,241,41.56,0,1
sidC_protein.fasta,XM_025603692.1,24.444,1170,747,36,2610,3714,253,3546,3.70e-60,233,42.05,0,1
sidC_protein.fasta,XM_025603692.1,25.813,1015,603,40,335,1300,17689,20430,2.12e-52,207,43.45,0,1
sidC_protein.fasta,XM_025603692.1,26.782,982,566,33,348,1280,289,2922,3.55e-52,207,43.08,0,1
sidC_protein.fasta,XM_025603692.1,25.189,1060,666,33,1414,2421,61,3015,7.67e-52,206,41.98,0,1
sidC_protein.fasta,XM_025603692.1,28.827,614,374,17,1465,2047,5149,6894,1.67e-49,198,45.11,0,1
sidC_protein.fasta,XM_025603692.1,28.067,595,364,21,2604,3167,5209,6894,1.36e-41,172,44.54,0,1
sidC_protein.fasta,XM_025603692.1,27.302,619,357,18,335,922,5224,6894,5.34e-37,157,43.30,0,1
sidC_protein.fasta,XM_025603692.1,26.145,524,348,14,3650,4159,11269,12765,1.01e-31,139,42.75,0,1
sidC_protein.fasta,XM_025603692.1,23.796,685,446,22,3650,4308,1750,3654,3.85e-25,117,40.73,0,1
sidC_protein.fasta,XM_025603692.1,25.858,379,239,12,3753,4108,16198,17277,2.21e-18,95.5,43.27,0,1
sidC_protein.fasta,XM_025603692.1,25.155,322,204,10,3786,4097,8473,9357,3.25e-15,85.1,42.24,0,1
sidC_protein.fasta,XM_025603692.1,25.722,381,259,10,4217,4590,11299,12390,6.45e-15,84.0,41.99,0,1
sidD_protein.fasta,XM_001390197.2,66.372,2034,661,11,31,2053,7,6072,0.0,2679,79.84,0,1
sidD_protein.fasta,XM_025604307.1,66.372,2034,661,11,31,2053,211,6276,0.0,2676,79.84,0,1
sidD_protein.fasta,AM270053.1,67.532,1925,605,9,140,2053,59118,53371,0.0,2608,80.83,0,-1
sidD_protein.fasta,AM270053.1,47.458,118,53,3,539,652,38143,37805,7.23e-26,93.2,60.17,0,-3
sidD_protein.fasta,AM270053.1,43.333,60,33,1,684,743,37707,37531,7.23e-26,47.0,58.33,0,-1
sidD_protein.fasta,AM270053.1,52.326,86,38,2,31,116,59507,59259,1.46e-15,84.7,68.60,0,-2
sidD_protein.fasta,AM270053.1,28.070,114,70,2,1322,1423,38146,37805,6.51e-04,46.2,46.49,0,-3
sidD_protein.fasta,XM_025594193.1,38.125,1120,648,19,207,1307,73,3354,0.0,733,57.14,0,1
sidD_protein.fasta,XM_025594193.1,40.933,579,322,9,187,753,3226,4938,6.42e-118,418,60.10,0,1
sidD_protein.fasta,XM_025594193.1,27.881,703,429,23,1322,1994,1057,3021,1.90e-52,206,43.53,0,1
sidD_protein.fasta,XM_025594193.1,38.854,157,73,6,1322,1455,4300,4770,4.54e-19,96.3,54.78,0,1
sidD_protein.fasta,AM270059.1,37.968,1122,647,20,207,1307,135224,138505,0.0,724,56.60,0,2
sidD_protein.fasta,AM270059.1,43.931,346,182,6,412,753,140417,141430,1.53e-71,269,60.40,0,2
sidD_protein.fasta,AM270059.1,27.389,701,435,22,1322,1994,136208,138172,7.50e-51,201,43.22,0,2
sidD_protein.fasta,AM270059.1,36.667,240,146,2,187,420,138377,139096,6.47e-38,158,59.17,0,2
sidD_protein.fasta,AM270059.1,29.043,606,312,24,278,833,65670,64057,6.50e-37,155,44.22,0,-2
sidD_protein.fasta,AM270059.1,39.355,155,73,5,1322,1455,140798,141262,1.62e-20,101,54.84,0,2
sidD_protein.fasta,XM_025603692.1,36.542,1122,681,14,207,1307,9574,12909,0.0,716,55.35,0,1
sidD_protein.fasta,XM_025603692.1,37.432,1098,637,20,204,1267,34,3279,0.0,645,54.92,0,1
sidD_protein.fasta,XM_025603692.1,35.289,1108,632,23,207,1260,17482,20712,8.49e-171,585,51.44,0,1
sidD_protein.fasta,XM_025603692.1,40.566,636,357,10,207,832,5020,6894,2.85e-124,441,57.70,0,1
sidD_protein.fasta,XM_025603692.1,33.595,893,522,18,161,1021,12700,15261,2.71e-123,437,51.74,0,1
sidD_protein.fasta,XM_025603692.1,30.919,718,418,23,1326,2001,18481,20526,1.79e-69,262,47.63,0,1
sidD_protein.fasta,XM_025603692.1,28.239,687,442,15,1326,1994,10588,12549,1.19e-53,210,44.83,0,1
sidD_protein.fasta,XM_025603692.1,27.299,685,431,16,1322,1977,1048,2988,1.10e-50,200,43.65,0,1
sidD_protein.fasta,XM_025603692.1,26.182,550,333,16,1320,1846,13828,15327,4.30e-30,132,41.45,0,1
sidD_protein.fasta,XM_025603692.1,27.987,318,183,10,1326,1623,6013,6888,1.00e-21,105,45.60,0,1
sidD_protein.fasta,XM_025603692.1,21.739,483,306,14,875,1326,8368,9693,4.89e-17,89.7,38.92,0,1
sidD_protein.fasta,XM_025603692.1,20.958,501,347,18,834,1297,16054,17520,1.76e-12,74.7,40.72,0,1
sidD_protein.fasta,XM_025603692.1,30.435,161,99,6,695,844,3094,3570,1.90e-09,64.7,51.55,0,1
sidD_protein.fasta,XM_025603692.1,39.706,68,41,0,1560,1627,3343,3546,5.83e-08,59.7,66.18,0,1
sidD_protein.fasta,XM_001397937.2,36.542,1122,681,14,207,1307,16,3351,0.0,714,55.35,0,1
sidD_protein.fasta,XM_001397937.2,35.289,1108,632,23,207,1260,7924,11154,4.57e-171,586,51.44,0,1
sidD_protein.fasta,XM_001397937.2,33.595,893,522,18,161,1021,3142,5703,2.80e-123,437,51.74,0,1
sidD_protein.fasta,XM_001397937.2,30.919,718,418,23,1326,2001,8923,10968,1.53e-69,262,47.63,0,1
sidD_protein.fasta,XM_001397937.2,28.242,694,447,15,1326,2001,1030,3012,3.21e-54,212,44.81,0,1
sidD_protein.fasta,XM_001397937.2,26.182,550,333,16,1320,1846,4270,5769,2.30e-30,133,41.45,0,1
sidD_protein.fasta,XM_001397937.2,20.958,501,347,18,834,1297,6496,7962,1.67e-12,74.7,40.72,0,1
sidD_protein.fasta,AM270372.1,36.542,1122,681,14,207,1307,161944,158609,0.0,714,55.35,0,-3
sidD_protein.fasta,AM270372.1,37.432,1098,637,20,204,1267,171620,168375,0.0,646,54.92,0,-2
sidD_protein.fasta,AM270372.1,35.385,1105,635,22,207,1260,153982,150752,2.67e-170,584,51.49,0,-3
sidD_protein.fasta,AM270372.1,40.566,636,357,10,207,832,166634,164760,4.87e-124,440,57.70,0,-2
sidD_protein.fasta,AM270372.1,33.595,893,522,18,161,1021,158818,156257,6.16e-123,436,51.74,0,-3
sidD_protein.fasta,AM270372.1,30.919,718,418,23,1326,2001,152983,150938,2.79e-69,262,47.63,0,-3
sidD_protein.fasta,AM270372.1,28.242,694,447,15,1326,2001,160930,158948,6.76e-54,211,44.81,0,-3
sidD_protein.fasta,AM270372.1,27.883,685,427,17,1322,1977,170606,168666,1.12e-50,201,44.09,0,-2
sidD_protein.fasta,AM270372.1,26.182,550,333,16,1320,1846,157690,156191,3.94e-30,132,41.45,0,-3
sidD_protein.fasta,AM270372.1,27.987,318,183,10,1326,1623,165641,164766,1.85e-21,104,45.60,0,-2
sidD_protein.fasta,AM270372.1,24.620,329,218,7,875,1178,163286,162315,2.65e-18,94.0,41.95,0,-2
sidD_protein.fasta,AM270372.1,22.180,523,332,22,834,1297,155464,153944,2.61e-11,70.9,39.96,0,-3
sidD_protein.fasta,AM270372.1,30.435,161,99,6,695,844,168560,168084,1.89e-09,64.7,51.55,0,-2
sidD_protein.fasta,AM270372.1,39.706,68,41,0,1560,1627,168311,168108,6.16e-08,59.7,66.18,0,-2
sidD_protein.fasta,XM_001390442.2,39.066,1006,582,14,207,1199,73,3036,0.0,698,57.65,0,1
sidD_protein.fasta,XM_001390442.2,27.697,686,422,22,1322,1979,1057,2976,8.99e-52,201,43.29,0,1
sidD_protein.fasta,XM_003188911.1,37.432,1098,637,20,204,1267,34,3279,0.0,645,54.92,0,1
sidD_protein.fasta,XM_003188911.1,40.566,636,357,10,207,832,5020,6894,2.11e-124,440,57.70,0,1
sidD_protein.fasta,XM_003188911.1,27.299,685,431,16,1322,1977,1048,2988,8.93e-51,200,43.65,0,1
sidD_protein.fasta,XM_003188911.1,27.987,318,183,10,1326,1623,6013,6888,1.59e-21,104,45.60,0,1
sidD_protein.fasta,XM_003188911.1,23.746,299,198,7,875,1148,8368,9249,1.18e-13,78.2,41.47,0,1
sidD_protein.fasta,XM_003188911.1,30.435,161,99,6,695,844,3094,3570,1.81e-09,64.7,51.55,0,1
sidD_protein.fasta,XM_003188911.1,39.706,68,41,0,1560,1627,3343,3546,5.57e-08,59.7,66.18,0,1


