acuM_protein.fasta,XM_001208531.1,73.256,516,89,7,154,627,1,1527,0.0,696,80.43,0,1
acuM_protein.fasta,XM_001215952.1,21.858,183,104,1,457,600,1309,1857,4.11e-11,65.1,40.44,0,1
acuM_protein.fasta,XM_001215952.1,46.667,45,21,1,197,241,208,333,6.87e-07,51.2,62.22,0,1
acuM_protein.fasta,XM_001215788.1,34.483,58,38,0,188,245,25,198,1.08e-05,47.4,53.45,0,1
acuM_protein.fasta,XM_001214235.1,37.705,61,33,2,172,227,337,519,5.25e-05,45.1,50.82,0,1
acuM_protein.fasta,XM_001212888.1,40.000,50,28,1,178,225,7,156,3.76e-04,42.4,52.00,0,1
acuM_protein.fasta,XM_001213921.1,42.222,45,25,1,173,216,112,246,7.83e-04,41.6,57.78,0,1
acuM_protein.fasta,XM_001211428.1,36.842,38,24,0,188,225,1066,1179,0.001,41.2,63.16,0,1
acuM_protein.fasta,XM_001217270.1,36.000,50,32,0,186,235,76,225,0.003,39.7,44.00,0,1
acuM_protein.fasta,XM_001217931.1,32.759,58,37,2,184,241,70,237,0.003,39.7,56.90,0,1
acuM_protein.fasta,XM_001210165.1,36.170,47,28,1,185,229,1264,1404,0.003,39.7,57.45,0,1
ags3_protein.fasta,XM_001218718.1,94.610,2412,129,1,1,2412,1,7233,0.0,4602,96.85,0,1
ags3_protein.fasta,XM_001208814.1,54.799,2438,1023,27,22,2412,55,7272,0.0,2630,70.59,0,1
ags3_protein.fasta,XM_001212800.1,54.631,2451,1019,26,22,2412,52,7305,0.0,2622,70.09,0,1
ags3_protein.fasta,XM_001210810.1,32.609,138,74,5,58,188,58,435,1.45e-09,61.6,47.83,0,1
ags3_protein.fasta,XM_001212801.1,25.877,228,119,8,101,323,73,621,5.66e-08,57.0,40.35,0,1
ags3_protein.fasta,XM_001209405.1,30.556,144,77,6,58,192,64,453,1.06e-07,56.2,47.92,0,1
ags3_protein.fasta,XM_001211693.1,30.172,116,67,5,66,174,91,417,8.35e-05,46.6,48.28,0,1
alb1_protein.fasta,XM_001210231.1,40.957,2173,1142,35,6,2140,16,6225,0.0,1621,60.10,0,1
alb1_protein.fasta,AB072444.1,42.451,2073,1097,36,105,2127,368,6448,0.0,1601,61.89,0,2
alb1_protein.fasta,XM_001216121.1,44.692,1884,948,31,324,2141,19,5586,0.0,1537,61.89,0,1
alb1_protein.fasta,XM_001217072.1,41.190,1748,949,31,28,1719,130,5304,0.0,1280,58.24,0,1
alb1_protein.fasta,XM_001217072.1,30.952,84,51,1,1758,1841,5068,5298,2.27e-04,45.4,51.19,0,1
alb1_protein.fasta,XM_001211612.1,38.093,1751,1013,26,21,1717,193,5394,0.0,1152,56.03,0,1
alb1_protein.fasta,AB072497.1,39.441,1610,930,25,21,1603,193,4968,0.0,1119,57.58,0,1
alb1_protein.fasta,AB072497.1,44.928,69,38,0,1649,1717,5188,5394,2.28e-11,68.6,69.57,0,1
alb1_protein.fasta,AB072445.1,49.175,1151,543,15,211,1333,757,4167,0.0,1109,65.68,0,1
alb1_protein.fasta,AB072445.1,35.238,525,291,16,1649,2141,5240,6763,5.05e-75,277,53.90,0,2
alb1_protein.fasta,AB072445.1,40.870,230,132,2,1362,1587,4311,5000,1.17e-50,197,61.30,0,3
alb1_protein.fasta,AB072445.1,36.559,93,58,1,6,97,31,309,3.18e-10,64.7,61.29,0,1
alb1_protein.fasta,XM_001215384.1,50.577,953,443,9,469,1404,1,2826,0.0,971,67.47,0,1
alb1_protein.fasta,BK009975.1,47.535,852,419,9,570,1404,1874,4396,0.0,800,64.67,0,2
alb1_protein.fasta,BK009975.1,44.215,484,244,8,113,575,402,1838,0.0,392,60.54,0,3
alb1_protein.fasta,BK009975.1,33.871,186,120,2,1408,1591,4468,5022,3.41e-29,127,55.38,0,1
alb1_protein.fasta,BK009975.1,30.159,252,153,5,1652,1901,5271,5963,1.65e-21,102,53.17,0,3
alb1_protein.fasta,BK009975.1,38.298,94,58,0,7,100,22,303,2.18e-12,72.0,57.45,0,1
alb1_protein.fasta,XM_001210065.1,28.205,1638,1042,50,125,1717,4,4650,5.15e-174,579,47.44,0,1
areA_protein.fasta,XM_001209950.1,70.000,840,196,23,59,881,49,2451,0.0,961,78.33,0,1
areA_protein.fasta,XM_001216335.1,58.537,41,17,0,680,720,766,888,1.47e-11,67.0,75.61,0,1
areA_protein.fasta,XM_001216335.1,52.273,44,13,1,680,723,313,420,4.05e-06,49.3,61.36,0,1
cat1_protein.fasta,XM_001216098.1,79.533,728,131,3,1,728,1,2130,0.0,1112,86.40,0,1
cat1_protein.fasta,XM_001210880.1,46.047,506,249,6,52,552,115,1575,4.38e-132,407,60.87,0,1
cat1_protein.fasta,XM_001208852.1,42.971,377,208,4,46,421,28,1140,2.43e-90,290,59.95,0,1
cat1_protein.fasta,XM_001216081.1,40.134,299,148,3,117,415,214,1017,2.54e-64,220,56.52,0,1
cat2_protein.fasta,XM_001217043.1,79.161,763,129,6,1,759,1,2211,0.0,1209,86.11,0,1
cat2_protein.fasta,XM_001212584.1,26.287,369,164,10,61,429,16,798,2.78e-20,91.3,38.21,0,1
cat2_protein.fasta,XM_001212584.1,26.132,287,172,13,466,744,37,801,5.85e-06,47.8,40.77,0,1
cat2_protein.fasta,XM_001214481.1,26.792,265,153,13,484,744,352,1035,1.47e-10,62.8,43.02,0,1
cat2_protein.fasta,XM_001214481.1,35.593,118,72,2,61,178,271,612,3.51e-09,58.2,52.54,0,1
cat2_protein.fasta,XM_001211513.1,31.522,92,52,2,310,396,1239,982,0.026,37.0,41.30,0,-1
cgrA_protein.fasta,XM_001218735.1,78.378,74,16,0,1,74,1,222,6.60e-22,82.4,87.84,0,1
chsC_protein.fasta,XM_001216547.1,84.392,897,135,5,1,893,1,2688,0.0,1455,90.41,0,1
chsC_protein.fasta,XM_001212681.1,70.809,853,219,8,56,893,232,2745,0.0,1192,81.01,0,1
chsC_protein.fasta,XM_001214916.1,42.269,802,374,22,116,881,508,2754,0.0,564,60.22,0,1
chsC_protein.fasta,XM_001209420.1,40.661,787,396,20,109,880,601,2793,1.10e-177,539,59.85,0,1
chsC_protein.fasta,XM_001208684.1,28.235,255,155,9,284,526,3907,4623,1.41e-14,77.4,43.53,0,1
chsC_protein.fasta,XM_001216378.1,31.746,189,101,6,349,526,2527,3042,1.23e-13,74.3,44.44,0,1
chsG_protein.fasta,XM_001212681.1,89.749,917,86,5,1,911,1,2745,0.0,1659,94.22,0,1
chsG_protein.fasta,XM_001216547.1,67.219,906,264,7,8,911,64,2688,0.0,1182,78.81,0,1
chsG_protein.fasta,XM_001214916.1,39.806,927,467,28,17,899,115,2754,0.0,582,57.93,0,1
chsG_protein.fasta,XM_001209420.1,44.026,770,367,21,139,895,628,2784,0.0,575,61.04,0,1
chsG_protein.fasta,XM_001208684.1,30.588,255,149,9,302,544,3907,4623,1.61e-18,90.5,45.10,0,1
chsG_protein.fasta,XM_001216378.1,32.500,200,103,7,367,555,2527,3063,2.86e-16,82.8,45.50,0,1
cnaA_protein.fasta,XM_001215693.1,94.220,519,30,0,16,534,109,1665,0.0,982,98.07,0,1
cnaA_protein.fasta,XM_001211774.1,38.489,278,158,2,50,327,73,867,9.47e-69,223,62.59,0,1
cnaA_protein.fasta,XM_001218681.1,39.404,302,167,5,37,336,76,939,3.98e-66,216,57.28,0,1
cnaA_protein.fasta,XM_001216352.1,41.600,250,132,3,73,321,7,717,9.87e-61,201,59.60,0,1
cnaA_protein.fasta,XM_001212830.1,37.681,276,155,3,54,327,616,1398,8.46e-57,197,58.70,0,1
cnaA_protein.fasta,XM_001217974.1,37.582,306,168,7,46,342,523,1398,2.82e-56,202,55.88,0,1
cnaA_protein.fasta,XM_001214190.1,37.736,212,118,4,111,321,469,1065,6.63e-38,142,58.02,0,1
cnaA_protein.fasta,XM_001214190.1,37.255,51,32,0,54,104,97,249,3.10e-06,48.5,60.78,0,1
cnaA_protein.fasta,XM_001211252.1,47.872,94,48,1,97,189,1,282,2.57e-19,89.0,65.96,0,1
cnaA_protein.fasta,XM_001211252.1,35.971,139,69,4,186,321,562,927,1.24e-16,80.9,52.52,0,1
cpcA_protein.fasta,XM_001212309.1,67.984,253,80,1,1,252,1,759,2.16e-105,304,76.28,0,1
crzA_protein.fasta,XM_001212106.1,69.330,701,185,16,68,754,109,2163,0.0,747,79.46,0,1
crzA_protein.fasta,XM_001213452.1,42.373,118,55,3,524,637,229,555,3.76e-22,99.8,58.47,0,1
crzA_protein.fasta,XM_001208604.1,44.231,104,57,1,548,650,2761,3072,4.05e-20,94.7,58.65,0,1
crzA_protein.fasta,XM_001213836.1,41.000,100,43,2,532,631,1246,1497,2.18e-16,82.4,52.00,0,1
crzA_protein.fasta,XM_001213111.1,34.862,109,57,4,548,649,25,330,1.24e-11,65.1,49.54,0,1
crzA_protein.fasta,XM_001208728.1,43.860,57,30,1,549,603,826,996,3.84e-11,64.3,70.18,0,1
crzA_protein.fasta,XM_001208728.1,35.385,65,35,1,573,637,814,987,1.49e-05,46.6,44.62,0,1
crzA_protein.fasta,XM_001210959.1,34.043,94,51,2,547,638,229,483,1.84e-10,62.4,48.94,0,1
crzA_protein.fasta,XM_001210959.1,37.500,88,40,3,576,656,232,471,9.87e-10,60.1,45.45,0,1
crzA_protein.fasta,XM_001210959.1,38.889,54,33,0,553,606,337,498,4.45e-07,52.0,55.56,0,1
crzA_protein.fasta,XM_001218011.1,44.068,59,33,0,539,597,40,216,4.17e-10,62.4,55.93,0,1
crzA_protein.fasta,XM_001218011.1,35.000,60,30,1,574,633,61,213,2.98e-04,43.1,46.67,0,1
crzA_protein.fasta,XM_001216182.1,50.980,51,25,0,549,599,70,222,6.03e-10,61.6,60.78,0,1
crzA_protein.fasta,XM_001216182.1,34.921,63,32,1,574,636,61,222,1.14e-04,44.7,41.27,0,1
crzA_protein.fasta,XM_001209872.1,44.286,70,36,2,535,601,727,936,4.58e-09,57.8,60.00,0,1
crzA_protein.fasta,XM_001209872.1,34.483,58,31,1,576,633,766,918,5.02e-05,45.1,48.28,0,1
dvrA_protein.fasta,XM_001213684.1,69.558,611,162,12,1,608,1,1770,0.0,704,78.56,0,1
dvrA_protein.fasta,XM_001211501.1,42.169,83,43,3,97,178,31,267,6.65e-10,61.2,55.42,0,1
dvrA_protein.fasta,XM_001209327.1,47.059,68,32,2,97,163,106,300,7.47e-10,61.2,58.82,0,1
dvrA_protein.fasta,XM_001218032.1,50.000,52,25,1,107,157,1669,1824,2.35e-09,59.3,63.46,0,1
dvrA_protein.fasta,XM_001210300.1,45.312,64,33,2,117,178,493,684,2.59e-09,57.8,64.06,0,1
dvrA_protein.fasta,XM_001214486.1,43.836,73,32,3,97,160,1381,1599,2.90e-09,58.9,61.64,0,1
dvrA_protein.fasta,XM_001216182.1,52.273,44,20,1,117,159,82,213,2.47e-08,56.2,68.18,0,1
dvrA_protein.fasta,XM_001214836.1,41.429,70,36,3,100,166,628,831,3.36e-08,55.5,60.00,0,1
dvrA_protein.fasta,XM_001214836.1,41.509,53,29,2,109,160,745,900,3.44e-05,45.8,60.38,0,1
dvrA_protein.fasta,XM_001218011.1,53.191,47,21,1,117,162,82,222,3.41e-08,55.8,68.09,0,1
dvrA_protein.fasta,XM_001211423.1,54.167,48,21,1,115,161,3691,3834,3.91e-08,55.8,68.75,0,1
ecm33_protein.fasta,XM_001214727.1,65.782,377,126,2,21,397,61,1182,5.50e-150,429,79.58,0,1
ecm33_protein.fasta,XM_001211686.1,35.938,64,41,0,29,92,199,390,7.93e-08,51.2,65.62,0,1
gel2_protein.fasta,XM_001214209.1,70.105,475,131,3,2,473,1,1401,0.0,665,83.37,0,1
gel2_protein.fasta,XM_001216770.1,49.351,308,146,6,22,329,85,978,1.29e-95,295,64.61,0,1
gel2_protein.fasta,XM_001212455.1,38.606,373,217,7,14,382,40,1134,7.87e-80,256,57.91,0,1
gel2_protein.fasta,XM_001214001.1,44.118,306,160,5,6,305,1,903,1.04e-77,251,61.44,0,1
gel2_protein.fasta,XM_001215904.1,38.082,365,199,9,25,382,88,1122,3.36e-69,235,55.07,0,1
gel2_protein.fasta,XM_001213267.1,35.106,376,204,9,16,367,43,1122,2.62e-67,223,50.80,0,1
glfA_protein.fasta,XM_001213306.1,93.333,510,34,0,1,510,1,1530,0.0,1009,97.25,0,1
glfA_protein.fasta,XM_001210855.1,75.752,499,119,1,1,497,1,1497,0.0,802,85.77,0,1
gliP_protein.fasta,XM_001217048.1,29.414,2220,1377,48,13,2127,34,6438,0.0,771,45.95,0,1
gliP_protein.fasta,XM_001217048.1,26.927,973,567,39,1050,1934,16,2766,4.18e-57,219,42.86,0,1
gliP_protein.fasta,XM_001217048.1,24.218,863,554,25,8,835,3067,5460,1.50e-41,167,43.22,0,1
gliP_protein.fasta,XM_001212648.1,30.358,1535,952,25,535,2031,37,4404,0.0,643,47.62,0,1
gliP_protein.fasta,XM_001212648.1,29.848,593,359,20,12,586,1510,3171,3.27e-35,146,43.00,0,1
gliP_protein.fasta,XM_001217685.1,23.684,2090,1317,71,1,1903,511,6507,4.66e-92,333,40.24,0,1
gliP_protein.fasta,XM_001217685.1,24.224,966,594,30,1065,1935,574,3342,1.27e-42,171,39.23,0,1
gliP_protein.fasta,XM_001217685.1,32.787,61,41,0,2067,2127,5377,5559,0.006,40.8,52.46,0,1
gliP_protein.fasta,XM_001217069.1,24.348,1725,1097,58,8,1616,1558,6456,4.37e-88,320,41.80,0,1
gliP_protein.fasta,XM_001217069.1,27.706,693,408,23,12,664,4672,6591,1.04e-44,178,43.72,0,1
gliP_protein.fasta,XM_001217069.1,24.834,906,573,34,1076,1915,1636,4227,9.99e-43,172,41.06,0,1
gliP_protein.fasta,XM_001217640.1,24.707,2133,1296,77,14,1943,6181,12258,1.98e-87,319,39.33,0,1
gliP_protein.fasta,XM_001217640.1,24.298,1568,954,59,626,2034,4813,9294,9.91e-59,224,39.48,0,1
gliP_protein.fasta,XM_001217640.1,26.533,799,486,26,1065,1781,1555,3894,2.51e-45,181,41.55,0,1
gliP_protein.fasta,XM_001217640.1,25.541,740,431,29,1065,1699,12544,14718,2.91e-35,147,41.35,0,1
gliP_protein.fasta,XM_001217640.1,24.212,983,592,29,1,896,9370,12120,1.21e-32,139,38.25,0,1
gliP_protein.fasta,XM_001217640.1,25.641,624,388,20,24,594,1561,3363,6.98e-25,113,42.95,0,1
gliP_protein.fasta,XM_001217640.1,24.662,665,393,22,1,584,12481,14394,1.13e-22,105,41.20,0,1
gliP_protein.fasta,XM_001217640.1,38.095,63,39,0,2067,2129,11044,11232,0.009,40.4,52.38,0,1
gliP_protein.fasta,XM_001217640.1,38.095,63,37,2,2067,2128,7780,7965,0.018,39.3,53.97,0,1
gliP_protein.fasta,XM_001208367.1,25.043,1737,1060,61,2,1589,5338,10269,1.48e-85,313,40.82,0,1
gliP_protein.fasta,XM_001208367.1,25.271,1753,1051,60,20,1602,8575,13566,4.44e-82,301,40.10,0,1
gliP_protein.fasta,XM_001208367.1,25.088,1136,678,40,757,1773,4411,7656,5.80e-54,209,40.85,0,1
gliP_protein.fasta,XM_001208367.1,26.365,641,370,21,1065,1631,772,2610,1.86e-44,177,43.68,0,1
gliP_protein.fasta,XM_001208367.1,31.455,426,260,9,9,415,11776,13014,7.97e-35,146,45.77,0,1
gliP_protein.fasta,XM_001208367.1,26.393,610,382,19,17,577,754,2529,2.52e-23,108,41.97,0,1
gliP_protein.fasta,XM_001210314.1,23.772,1792,1096,59,11,1630,7279,12360,3.78e-81,298,40.51,0,1
gliP_protein.fasta,XM_001210314.1,24.793,964,569,36,1068,1918,7321,10083,1.53e-44,178,41.29,0,1
gliP_protein.fasta,XM_001210314.1,25.122,613,363,21,1062,1613,778,2511,1.86e-38,158,43.23,0,1
gliP_protein.fasta,XM_001210314.1,25.040,619,383,21,21,593,784,2535,1.15e-30,132,45.23,0,1
gliP_protein.fasta,XM_001210314.1,34.884,43,28,0,2087,2129,8965,9093,0.025,38.9,58.14,0,1
gliP_protein.fasta,XM_001212706.1,24.773,1760,1059,59,21,1619,691,5658,4.58e-77,284,40.17,0,1
gliP_protein.fasta,XM_001212706.1,25.000,876,534,31,21,818,3835,6327,3.12e-29,127,41.10,0,1
gliP_protein.fasta,XM_001217689.1,24.053,1742,1055,65,11,1611,778,5622,3.43e-76,281,40.99,0,1
gliP_protein.fasta,XM_001217689.1,26.135,639,391,24,1,589,3817,5640,2.34e-29,127,44.29,0,1
gliP_protein.fasta,XM_001217689.1,23.803,689,412,22,1074,1699,838,2754,3.45e-29,127,39.04,0,1
gliP_protein.fasta,XM_001218652.1,23.718,1931,1217,67,9,1769,622,6156,3.77e-75,278,39.98,0,1
gliP_protein.fasta,XM_001218652.1,41.379,58,32,1,2072,2127,2272,2445,0.001,43.5,58.62,0,1
gpaB_protein.fasta,XM_001210574.1,84.940,332,32,1,43,356,94,1089,0.0,593,90.66,0,1
gpaB_protein.fasta,XM_001210595.1,49.025,359,174,4,1,356,1,1059,3.02e-115,337,65.18,0,1
gpaB_protein.fasta,XM_001213327.1,42.817,355,194,5,3,350,4,1062,1.49e-92,280,61.69,0,1
gpaB_protein.fasta,XM_001210450.1,31.579,76,42,1,202,277,193,390,1.54e-04,41.2,50.00,0,1
ireA_protein.fasta,XM_001214102.1,82.174,1150,196,7,1,1143,1,3444,0.0,1767,90.70,0,1
ireA_protein.fasta,XM_001208904.1,27.632,304,171,9,717,1013,70,855,1.05e-21,97.8,44.74,0,1
ireA_protein.fasta,XM_001216453.1,26.380,326,196,14,705,1020,736,1611,4.59e-16,82.4,43.56,0,1
ireA_protein.fasta,XM_001212029.1,29.242,277,141,11,747,1015,946,1635,4.28e-15,79.0,43.32,0,1
ireA_protein.fasta,XM_001210377.1,29.520,271,149,13,752,1007,3247,3978,3.00e-14,76.6,46.13,0,1
ireA_protein.fasta,XM_001218010.1,29.317,249,126,12,716,948,1843,2487,1.01e-13,74.7,46.99,0,1
ireA_protein.fasta,XM_001213492.1,27.327,333,180,17,700,1025,1,834,1.10e-13,74.3,43.54,0,1
ireA_protein.fasta,XM_001208718.1,27.273,297,163,14,717,1007,43,792,1.31e-13,73.2,46.13,0,1
ireA_protein.fasta,XM_001212430.1,25.356,351,178,15,717,1027,85,1005,1.74e-13,72.8,39.32,0,1
ireA_protein.fasta,XM_001214733.1,25.714,315,173,12,717,1025,256,1035,2.27e-12,70.9,41.59,0,1
laeA_protein.fasta,KY425748.1,74.866,374,86,4,1,373,993,2093,0.0,583,86.10,0,3
laeA_protein.fasta,KY425747.1,74.866,374,86,4,1,373,930,2030,0.0,583,86.10,0,3
laeA_protein.fasta,KY425750.1,83.045,289,49,0,85,373,1319,2185,0.0,530,94.81,0,2
laeA_protein.fasta,KY425750.1,52.778,72,30,2,1,71,993,1199,2.09e-09,58.2,58.33,0,3
laeA_protein.fasta,KY425749.1,83.045,289,49,0,85,373,1256,2122,0.0,530,94.81,0,2
laeA_protein.fasta,KY425749.1,52.778,72,30,2,1,71,930,1136,2.08e-09,58.2,58.33,0,3
laeA_protein.fasta,XM_001210764.1,67.877,358,83,5,17,373,10,990,1.31e-174,488,78.77,0,1
laeA_protein.fasta,XM_001215191.1,33.223,301,182,6,82,370,61,942,6.37e-54,179,51.83,0,1
laeA_protein.fasta,MN699962.1,33.793,290,179,8,87,370,121,969,7.60e-45,156,49.66,0,1
laeA_protein.fasta,XM_001214042.1,32.847,274,171,9,103,370,115,915,4.01e-44,153,54.38,0,1
laeA_protein.fasta,XM_001210998.1,33.935,277,170,8,87,357,121,930,2.40e-41,153,50.54,0,1
laeA_protein.fasta,XM_001216419.1,29.259,270,166,7,102,369,142,882,2.55e-33,124,48.52,0,1
mcsA_protein.fasta,XM_001209805.1,90.323,465,42,2,1,465,1,1386,0.0,830,94.84,0,1
mcsA_protein.fasta,XM_001216611.1,54.585,458,197,7,5,459,34,1383,1.48e-157,454,69.21,0,1
pes1_protein.fasta,XM_001210314.1,58.239,3702,1460,22,2596,6266,6538,17478,0.0,4364,74.88,0,1
pes1_protein.fasta,XM_001210314.1,53.846,2249,966,17,1,2234,1,6576,0.0,2388,70.12,0,1
pes1_protein.fasta,XM_001210314.1,38.808,1778,984,34,39,1772,9859,15012,0.0,1177,56.64,0,1
pes1_protein.fasta,XM_001210314.1,38.103,1761,981,34,3728,5449,148,5220,0.0,1135,57.07,0,1
pes1_protein.fasta,XM_001210314.1,31.072,1017,595,22,2648,3633,148,2973,8.63e-117,419,47.79,0,1
pes1_protein.fasta,XM_001210314.1,28.750,1040,609,22,50,1025,6694,9609,6.02e-112,403,46.25,0,1
pes1_protein.fasta,XM_001210314.1,26.120,1049,671,25,1315,2329,9064,12000,8.17e-100,363,45.66,0,1
pes1_protein.fasta,XM_001210314.1,27.361,826,508,18,1547,2340,6532,8829,4.39e-84,311,47.46,0,1
pes1_protein.fasta,XM_001210314.1,26.667,915,604,25,3467,4342,3871,6531,2.20e-80,298,47.10,0,1
pes1_protein.fasta,XM_001210314.1,29.343,685,441,18,2591,3252,4525,6519,3.11e-74,278,49.49,0,1
pes1_protein.fasta,XM_001210314.1,30.952,210,118,7,2418,2608,9919,10524,1.18e-18,94.7,50.95,0,1
pes1_protein.fasta,XM_001210314.1,22.456,285,182,6,5740,6003,4147,4947,1.22e-11,71.2,40.70,0,1
pes1_protein.fasta,XM_001210314.1,23.313,326,213,13,1366,1676,15733,16644,1.04e-07,58.2,42.94,0,1
pes1_protein.fasta,XM_001210314.1,25.654,191,134,4,5281,5470,139,690,7.14e-05,48.9,42.93,0,1
pes1_protein.fasta,XM_001210314.1,20.270,296,207,6,8,288,14368,15213,1.95e-04,47.4,37.16,0,1
pes1_protein.fasta,XM_001213501.1,33.560,2208,1359,37,41,2224,115,6486,0.0,1219,53.58,0,1
pes1_protein.fasta,XM_001213501.1,36.777,1626,950,24,3857,5459,478,5190,0.0,1040,55.72,0,1
pes1_protein.fasta,XM_001213501.1,33.631,895,527,17,3506,4367,3964,6546,1.70e-126,448,50.61,0,1
pes1_protein.fasta,XM_001213501.1,35.197,787,449,18,2581,3339,4453,6714,1.39e-125,445,52.48,0,1
pes1_protein.fasta,XM_001213501.1,31.694,915,563,16,2767,3666,478,3081,8.83e-123,436,49.84,0,1
pes1_protein.fasta,XM_001213501.1,35.429,700,391,20,7,687,4540,6513,7.63e-109,391,53.86,0,1
pes1_protein.fasta,XM_001213501.1,33.333,60,40,0,5561,5620,2338,2517,0.046,39.7,51.67,0,1
pes1_protein.fasta,XM_001218652.1,32.438,2235,1440,35,2784,4998,436,6990,0.0,1125,51.45,0,1
pes1_protein.fasta,XM_001218652.1,35.580,1113,671,23,229,1320,3739,7002,0.0,650,55.44,0,1
pes1_protein.fasta,XM_001218652.1,29.913,809,508,16,270,1036,622,2997,1.57e-96,351,50.68,0,1
pes1_protein.fasta,XM_001218652.1,27.173,1001,649,30,1364,2339,2566,5403,5.74e-89,326,47.15,0,1
pes1_protein.fasta,XM_001218652.1,28.846,624,402,15,1741,2339,367,2187,6.14e-56,217,46.15,0,1
pes1_protein.fasta,XM_001218652.1,27.841,352,214,12,5045,5384,2572,3543,1.78e-19,97.1,44.60,0,1
pes1_protein.fasta,XM_001218652.1,23.779,471,298,13,5566,6024,2278,3543,5.91e-19,95.5,40.76,0,1
pes1_protein.fasta,XM_001218652.1,42.623,61,35,0,5558,5618,5470,5652,1.60e-06,54.3,62.30,0,1
pes1_protein.fasta,XM_001217640.1,33.333,2130,1288,44,269,2336,1513,7692,0.0,1087,51.74,0,1
pes1_protein.fasta,XM_001217640.1,33.023,2041,1254,45,3482,5468,154,6099,0.0,1034,52.62,0,1
pes1_protein.fasta,XM_001217640.1,31.346,2281,1395,52,2559,4768,5317,11859,0.0,1032,50.02,0,1
pes1_protein.fasta,XM_001217640.1,29.720,1144,734,24,3473,4581,4711,8037,8.33e-137,485,50.09,0,1
pes1_protein.fasta,XM_001217640.1,28.730,1260,762,28,2570,3755,8512,12105,8.46e-125,446,45.48,0,1
pes1_protein.fasta,XM_001217640.1,31.039,857,515,19,47,872,5527,7962,2.15e-110,398,50.18,0,1
pes1_protein.fasta,XM_001217640.1,28.737,950,628,17,22,945,8683,11463,9.22e-109,392,50.32,0,1
pes1_protein.fasta,XM_001217640.1,27.000,1300,796,37,2590,3815,11836,15498,1.07e-108,392,43.77,0,1
pes1_protein.fasta,XM_001217640.1,27.729,1017,625,21,1366,2335,11272,14133,1.28e-100,365,44.94,0,1
pes1_protein.fasta,XM_001217640.1,33.381,698,426,13,232,894,12391,14472,7.63e-98,356,52.29,0,1
pes1_protein.fasta,XM_001217640.1,30.751,852,517,15,2837,3660,1486,3906,3.24e-91,334,47.30,0,1
pes1_protein.fasta,XM_001217640.1,33.137,679,412,13,3904,4554,12403,14397,8.27e-84,310,49.48,0,1
pes1_protein.fasta,XM_001217640.1,25.709,1023,680,22,1359,2351,8086,11004,1.31e-79,296,43.89,0,1
pes1_protein.fasta,XM_001217640.1,24.554,1010,669,26,1364,2339,226,3078,5.29e-76,284,44.85,0,1
pes1_protein.fasta,XM_001217640.1,32.569,436,251,11,5043,5448,11266,12534,9.83e-51,200,48.39,0,1
pes1_protein.fasta,XM_001217640.1,27.027,481,308,10,5556,6026,14206,15549,2.08e-37,156,44.91,0,1
pes1_protein.fasta,XM_001217640.1,23.769,589,356,22,5485,6042,7564,9144,5.04e-20,99.0,40.07,0,1
pes1_protein.fasta,XM_001217640.1,26.140,329,216,11,5041,5366,8092,9006,1.64e-16,87.4,43.77,0,1
pes1_protein.fasta,XM_001217640.1,23.026,304,215,6,5740,6028,11434,12333,8.19e-08,58.5,39.14,0,1
pes1_protein.fasta,XM_001217640.1,28.319,113,78,2,5893,6004,811,1143,5.03e-07,56.2,47.79,0,1
pes1_protein.fasta,XM_001217640.1,26.061,165,102,6,2421,2566,8794,9285,6.96e-06,52.4,45.45,0,1
pes1_protein.fasta,XM_001217640.1,39.655,58,35,0,5556,5613,11029,11202,3.77e-05,49.7,62.07,0,1
pes1_protein.fasta,XM_001217640.1,34.211,76,50,0,5545,5620,3112,3339,0.004,43.1,52.63,0,1
pes1_protein.fasta,XM_001217685.1,32.674,2072,1232,45,2653,4676,16,5886,0.0,1048,51.98,0,1
pes1_protein.fasta,XM_001217685.1,31.779,1265,815,22,2596,3835,2959,6684,1.95e-165,573,49.57,0,1
pes1_protein.fasta,XM_001217685.1,33.527,859,517,17,219,1036,3586,6123,1.16e-127,452,52.39,0,1
pes1_protein.fasta,XM_001217685.1,33.248,779,470,10,221,964,388,2679,4.60e-115,411,51.48,0,1
pes1_protein.fasta,XM_001217685.1,27.950,1034,628,28,1341,2329,2386,5271,1.20e-100,364,46.52,0,1
pes1_protein.fasta,XM_001217685.1,30.205,586,368,12,1762,2339,412,2070,7.10e-73,273,49.49,0,1
pes1_protein.fasta,XM_001217685.1,33.071,508,300,11,5526,6030,5272,6684,9.76e-64,243,53.74,0,1
pes1_protein.fasta,XM_001217685.1,22.810,548,361,14,5490,6018,1891,3405,8.07e-27,121,42.15,0,1
pes1_protein.fasta,XM_001217685.1,25.449,334,213,11,5043,5367,2443,3363,4.27e-19,95.9,46.41,0,1
pes1_protein.fasta,XM_001217685.1,26.259,278,173,10,1381,1650,5746,6507,1.41e-17,90.9,48.92,0,1
pes1_protein.fasta,XM_001217685.1,22.488,209,135,7,2418,2608,3133,3732,6.17e-07,55.8,47.37,0,1
pes1_protein.fasta,XM_001208367.1,30.907,2171,1343,49,241,2342,646,6894,0.0,958,49.98,0,1
pes1_protein.fasta,XM_001208367.1,30.099,2030,1286,46,2587,4570,4552,10380,0.0,854,49.75,0,1
pes1_protein.fasta,XM_001208367.1,32.708,1706,1036,34,2801,4461,8404,13320,0.0,831,51.64,0,1
pes1_protein.fasta,XM_001208367.1,30.266,1619,995,47,3908,5464,643,5283,0.0,677,50.53,0,1
pes1_protein.fasta,XM_001208367.1,30.690,1072,667,28,3506,4547,4033,7110,2.28e-124,444,50.09,0,1
pes1_protein.fasta,XM_001208367.1,31.707,779,458,18,43,789,11113,13323,4.02e-106,384,52.50,0,1
pes1_protein.fasta,XM_001208367.1,30.381,813,504,14,2596,3378,10990,13332,1.70e-105,382,47.72,0,1
pes1_protein.fasta,XM_001208367.1,32.205,857,489,25,2805,3628,610,3003,7.24e-102,370,51.23,0,1
pes1_protein.fasta,XM_001208367.1,28.162,941,594,14,50,948,4744,7446,1.02e-101,369,47.40,0,1
pes1_protein.fasta,XM_001208367.1,26.417,882,583,21,1366,2221,10465,12990,2.16e-84,312,47.51,0,1
pes1_protein.fasta,XM_001208367.1,33.937,607,373,13,282,875,8578,10353,9.76e-82,303,53.71,0,1
pes1_protein.fasta,XM_001208367.1,25.294,1020,650,31,1366,2347,7264,10101,3.11e-64,245,43.14,0,1
pes1_protein.fasta,XM_001208367.1,24.709,429,280,14,5043,5454,10459,11667,1.43e-20,100,43.12,0,1
pes1_protein.fasta,XM_001208367.1,24.078,515,326,16,5506,6005,10000,11394,2.33e-18,93.6,40.39,0,1
pes1_protein.fasta,XM_001208367.1,23.246,456,294,9,5553,6003,6931,8145,2.93e-14,80.1,37.94,0,1
pes1_protein.fasta,XM_001208367.1,37.500,56,35,0,5565,5620,2389,2556,2.26e-05,50.4,62.50,0,1
pes1_protein.fasta,XM_001217689.1,32.227,1989,1188,54,2596,4553,43,5622,0.0,916,51.43,0,1
pes1_protein.fasta,XM_001217689.1,40.184,759,397,16,50,793,3220,5370,1.96e-141,496,56.26,0,1
pes1_protein.fasta,XM_001217689.1,27.761,1023,649,31,1342,2341,2494,5361,9.39e-93,338,47.02,0,1
pes1_protein.fasta,XM_001217689.1,30.500,600,329,23,4176,4733,1354,3015,1.40e-56,219,47.33,0,1
pes1_protein.fasta,XM_001217689.1,29.754,568,335,15,507,1036,1351,2976,1.75e-56,219,48.42,0,1
pes1_protein.fasta,XM_001217689.1,25.195,385,258,10,1549,1927,43,1125,2.44e-30,132,48.83,0,1
pes1_protein.fasta,XM_001217689.1,28.247,308,181,6,2045,2342,1354,2187,5.79e-28,125,45.45,0,1
pes1_protein.fasta,XM_001217689.1,24.222,450,298,9,5558,6005,2248,3474,5.06e-24,112,42.44,0,1
pes1_protein.fasta,XM_001217689.1,31.818,176,120,0,217,392,613,1140,5.81e-23,108,53.41,0,1
pes1_protein.fasta,XM_001217689.1,24.229,454,302,17,5024,5466,2503,3771,2.42e-17,90.1,42.73,0,1
pes1_protein.fasta,XM_001217689.1,38.095,63,39,0,460,522,1209,1397,3.46e-05,50.1,49.21,0,3
pes1_protein.fasta,XM_001217689.1,34.211,76,47,2,5232,5305,43,267,0.002,44.3,52.63,0,1
pes1_protein.fasta,MT376588.1,33.100,1855,1124,43,2767,4556,99164,93756,0.0,894,51.70,0,-3
pes1_protein.fasta,MT376588.1,28.437,1273,799,34,2596,3803,96398,92721,1.88e-128,458,47.53,0,-3
pes1_protein.fasta,MT376588.1,32.986,767,449,15,246,958,95678,93411,1.96e-107,389,52.28,0,-3
pes1_protein.fasta,MT376588.1,26.301,1057,669,32,1333,2340,96998,94011,3.08e-91,335,46.26,0,-3
pes1_protein.fasta,MT376588.1,29.032,837,496,18,270,1036,98930,96504,4.39e-86,318,45.88,0,-3
pes1_protein.fasta,MT376588.1,26.560,625,408,13,1745,2340,99131,97323,2.15e-51,203,44.32,0,-3
pes1_protein.fasta,MT376588.1,28.976,459,305,8,1350,1806,93656,92337,8.20e-51,201,48.37,0,-3
pes1_protein.fasta,MT376588.1,30.180,444,270,13,5033,5465,93659,92415,1.71e-44,180,47.30,0,-3
pes1_protein.fasta,MT376588.1,22.391,460,291,15,5558,5994,93947,92697,1.52e-14,80.9,40.22,0,-3
pes1_protein.fasta,MT376588.1,24.082,245,160,5,5906,6142,96299,95619,3.37e-11,70.1,44.49,0,-3
pes1_protein.fasta,MT376588.1,22.642,371,238,13,5012,5367,96998,95988,5.00e-10,66.2,41.78,0,-3
pes1_protein.fasta,MT376588.1,38.462,65,40,0,5556,5620,97265,97071,8.92e-07,55.5,61.54,0,-3
pes1_protein.fasta,MT376588.1,30.952,84,53,1,5535,5613,92423,92172,3.99e-05,49.7,53.57,0,-3
pes1_protein.fasta,MT376588.1,29.412,102,58,3,2578,2669,93173,92880,9.85e-05,48.5,46.08,0,-3
pes1_protein.fasta,MT376588.1,27.500,80,58,0,811,890,92333,92094,2.14e-04,47.4,56.25,0,-3
pes1_protein.fasta,MT376588.1,20.152,263,179,8,3,255,93089,92364,0.005,42.7,38.40,0,-3
pes1_protein.fasta,XM_001210044.1,32.849,1860,1127,41,2767,4556,484,5907,0.0,890,51.51,0,1
pes1_protein.fasta,XM_001210044.1,30.254,1061,672,23,2779,3803,3856,6942,2.27e-129,459,49.86,0,1
pes1_protein.fasta,XM_001210044.1,31.547,821,482,15,200,958,3844,6252,9.84e-108,388,50.43,0,1
pes1_protein.fasta,XM_001210044.1,25.712,1089,692,33,1301,2340,2590,5652,5.69e-92,336,46.10,0,1
pes1_protein.fasta,XM_001210044.1,28.935,864,489,22,259,1036,685,3159,5.34e-87,320,45.95,0,1
pes1_protein.fasta,XM_001210044.1,26.868,629,401,14,1745,2340,517,2325,8.77e-53,207,44.20,0,1
pes1_protein.fasta,XM_001210044.1,28.571,462,303,9,1350,1806,6007,7326,2.82e-50,198,48.70,0,1
pes1_protein.fasta,XM_001210044.1,29.885,435,266,12,5042,5465,6028,7248,1.12e-44,180,47.36,0,1
pes1_protein.fasta,XM_001210044.1,24.082,245,160,6,5906,6142,3364,4044,1.00e-09,65.1,44.90,0,1
pes1_protein.fasta,XM_001210044.1,23.056,373,234,15,5012,5367,2665,3675,1.07e-08,61.6,41.82,0,1
pes1_protein.fasta,XM_001210044.1,38.462,65,40,0,5556,5620,2383,2577,1.87e-06,53.9,60.00,0,1
pes1_protein.fasta,XM_001210044.1,29.670,91,59,1,5535,5620,7240,7512,2.78e-05,50.1,50.55,0,1
pes1_protein.fasta,XM_001210044.1,29.412,102,58,3,2578,2669,6490,6783,7.30e-05,48.9,46.08,0,1
pes1_protein.fasta,XM_001210044.1,28.571,70,50,0,811,880,7330,7539,2.59e-04,47.0,58.57,0,1
pes1_protein.fasta,XM_001210044.1,21.481,270,167,9,3,255,6574,7299,3.90e-04,46.6,36.67,0,1
pes1_protein.fasta,XM_001215291.1,31.090,1872,1100,44,527,2342,199,5412,0.0,804,49.25,0,1
pes1_protein.fasta,XM_001215291.1,31.758,1291,799,31,4179,5446,151,3846,7.76e-177,608,51.98,0,1
pes1_protein.fasta,XM_001215291.1,28.118,1259,792,28,2593,3816,3199,6741,3.04e-119,425,45.04,0,1
pes1_protein.fasta,XM_001215291.1,28.803,1111,673,23,3471,4547,2557,5637,1.33e-110,397,46.26,0,1
pes1_protein.fasta,XM_001215291.1,29.424,955,538,22,54,958,3382,5988,2.39e-103,373,47.75,0,1
pes1_protein.fasta,XM_001215291.1,28.741,588,365,11,5517,6095,5365,6993,1.93e-55,216,45.75,0,1
pes1_protein.fasta,XM_001215291.1,29.803,406,263,10,3087,3483,151,1329,1.80e-37,156,48.03,0,1
pes1_protein.fasta,XM_001215291.1,29.433,282,168,8,2062,2335,193,969,3.45e-24,112,43.62,0,1
pes1_protein.fasta,XM_001215291.1,42.647,68,37,1,5555,5620,1042,1245,1.19e-06,54.7,58.82,0,1
pes1_protein.fasta,XM_001215291.1,23.881,268,149,10,5813,6041,3025,3780,1.33e-05,51.2,38.43,0,1
pig_a_protein.fasta,XM_001214282.1,87.654,486,53,3,1,486,1,1437,0.0,884,91.77,0,1
pig_a_protein.fasta,XM_001208814.1,29.661,118,74,2,213,324,4357,4701,1.33e-04,43.9,43.22,0,1
pig_a_protein.fasta,XM_001212800.1,26.923,156,104,3,209,358,4390,4845,4.00e-04,42.4,40.38,0,1
pig_a_protein.fasta,XM_001218718.1,27.826,115,74,2,213,321,4363,4698,4.24e-04,42.0,46.09,0,1
pkaC1_protein.fasta,XM_001208522.1,79.352,494,82,6,1,490,1,1434,0.0,737,85.22,0,1
pkaC1_protein.fasta,XM_001208876.1,41.639,305,168,6,176,474,871,1773,3.89e-75,247,62.95,0,1
pkaC1_protein.fasta,XM_001212160.1,40.705,312,172,8,169,472,1414,2334,2.68e-70,239,63.14,0,1
pkaC1_protein.fasta,XM_001213711.1,39.873,316,178,7,151,455,610,1554,2.51e-65,220,57.59,0,1
pkaC1_protein.fasta,XM_001211297.1,36.050,319,160,8,172,453,745,1680,1.26e-59,206,53.29,0,1
pkaC1_protein.fasta,XM_001211256.1,36.964,303,173,6,171,467,2293,3165,1.45e-57,205,57.10,0,1
pkaC1_protein.fasta,XM_001209550.1,36.330,267,158,4,173,434,334,1113,1.30e-55,189,59.18,0,1
pkaC1_protein.fasta,XM_001214956.1,32.184,348,146,9,157,490,133,948,3.57e-54,183,50.29,0,1
pkaC1_protein.fasta,XM_001213308.1,35.604,323,168,9,163,456,793,1728,3.84e-54,190,54.80,0,1
pkaC1_protein.fasta,XM_001213054.1,31.778,343,173,8,168,453,703,1719,3.22e-52,186,51.02,0,1
pkaR_protein.fasta,XM_001213702.1,69.784,417,72,5,5,411,10,1128,0.0,553,76.74,0,1
pkaR_protein.fasta,XM_001218196.1,30.952,84,58,0,317,400,256,507,5.02e-07,50.8,50.00,0,1
pkaR_protein.fasta,XM_001218196.1,27.059,85,51,2,190,274,268,489,0.010,37.4,45.88,0,1
ppoA_protein.fasta,XM_001213170.1,75.869,1065,257,0,12,1076,7,3201,0.0,1741,89.48,0,1
ppoA_protein.fasta,KC166250.1,75.676,962,234,0,12,973,7,2892,0.0,1561,89.50,0,1
ppoA_protein.fasta,KC166250.1,75.309,81,20,0,972,1052,2952,3194,2.63e-34,141,88.89,0,3
ppoA_protein.fasta,XM_001212349.1,51.689,1066,498,7,16,1072,193,3366,0.0,1127,68.95,0,1
ppoA_protein.fasta,JQ034366.1,51.501,1066,500,7,16,1072,193,3366,0.0,1126,69.14,0,1
ppoA_protein.fasta,XM_001213933.1,50.188,1064,500,7,22,1079,202,3321,0.0,1082,67.29,0,1
ppoA_protein.fasta,JQ034365.1,50.188,1064,500,7,22,1079,202,3321,0.0,1081,67.29,0,1
ppoA_protein.fasta,KC525887.1,44.655,1057,554,15,35,1071,37,3174,0.0,878,62.82,0,1
ppoA_protein.fasta,XM_001208350.1,41.434,1074,549,18,35,1071,37,3129,0.0,803,59.40,0,1
ppoA_protein.fasta,XM_001211214.1,39.109,1033,597,15,34,1046,277,3339,0.0,699,57.60,0,1
ppoB_protein.fasta,JQ034366.1,64.178,1058,377,2,60,1115,199,3372,0.0,1462,79.11,0,1
ppoB_protein.fasta,XM_001212349.1,64.049,1057,378,2,61,1115,202,3372,0.0,1461,79.09,0,1
ppoB_protein.fasta,JQ034365.1,58.929,1064,416,6,59,1120,187,3321,0.0,1328,75.75,0,1
ppoB_protein.fasta,XM_001213933.1,58.403,1077,427,6,46,1120,148,3321,0.0,1327,75.12,0,1
ppoB_protein.fasta,XM_001213170.1,50.188,1066,510,9,62,1116,31,3198,0.0,1107,68.01,0,1
ppoB_protein.fasta,KC166250.1,49.948,967,460,10,62,1014,31,2901,0.0,986,67.53,0,1
ppoB_protein.fasta,KC166250.1,55.556,81,36,0,1013,1093,2952,3194,1.44e-21,100,71.60,0,3
ppoB_protein.fasta,KC525887.1,43.893,1007,546,11,120,1112,169,3174,0.0,836,61.47,0,1
ppoB_protein.fasta,XM_001208350.1,41.211,1024,534,14,120,1112,169,3129,0.0,773,58.20,0,1
ppoB_protein.fasta,XM_001211214.1,40.945,1016,564,16,91,1083,319,3327,0.0,729,58.27,0,1
ppoB_protein.fasta,XM_001215318.1,34.940,83,48,2,981,1061,928,1164,2.99e-08,56.2,55.42,0,1
ppoC_protein.fasta,JQ034365.1,69.340,1122,321,5,1,1121,1,3300,0.0,1560,80.75,0,1
ppoC_protein.fasta,XM_001213933.1,69.162,1122,323,5,1,1121,1,3300,0.0,1558,80.75,0,1
ppoC_protein.fasta,JQ034366.1,61.641,1048,398,4,77,1121,226,3366,0.0,1347,76.53,0,1
ppoC_protein.fasta,XM_001212349.1,61.355,1048,401,4,77,1121,226,3366,0.0,1340,76.05,0,1
ppoC_protein.fasta,XM_001213170.1,48.644,1069,531,7,61,1121,13,3189,0.0,1065,67.26,0,1
ppoC_protein.fasta,KC166250.1,48.916,969,477,7,61,1021,13,2889,0.0,971,67.80,0,1
ppoC_protein.fasta,KC166250.1,49.367,79,40,0,1023,1101,2958,3194,7.43e-16,82.0,64.56,0,3
ppoC_protein.fasta,KC525887.1,43.677,1028,555,13,110,1121,118,3177,0.0,816,59.53,0,1
ppoC_protein.fasta,XM_001208350.1,40.574,1045,548,16,110,1121,118,3132,0.0,748,55.89,0,1
ppoC_protein.fasta,XM_001211214.1,41.075,1042,574,17,97,1114,316,3393,0.0,717,56.81,0,1
rasA_protein.fasta,XM_001216330.1,96.714,213,7,0,1,213,1,639,1.00e-147,408,99.06,0,1
rasA_protein.fasta,XM_001209587.1,57.143,182,55,2,9,167,22,567,2.87e-58,182,69.78,0,1
rasA_protein.fasta,XM_001215750.1,40.838,191,89,4,27,213,46,558,1.18e-40,135,59.69,0,1
rasA_protein.fasta,XM_001218101.1,38.650,163,97,2,21,182,58,540,6.84e-36,124,61.96,0,1
rasA_protein.fasta,XM_001211951.1,36.184,152,95,2,21,171,67,519,8.78e-29,106,58.55,0,1
rasA_protein.fasta,XM_001217545.1,34.375,192,92,6,38,202,46,600,1.05e-22,91.3,46.88,0,1
rasA_protein.fasta,XM_001214052.1,33.333,195,116,6,21,207,52,618,1.98e-21,87.0,51.28,0,1
rasA_protein.fasta,XM_001216602.1,34.167,120,78,1,51,170,40,396,3.09e-18,77.4,52.50,0,1
rasA_protein.fasta,XM_001217383.1,30.114,176,107,4,21,183,64,582,6.27e-18,77.4,49.43,0,1
rasA_protein.fasta,XM_001215941.1,29.487,156,94,4,21,162,52,513,1.58e-16,73.6,51.92,0,1
rasB_protein.fasta,XM_001209587.1,94.142,239,14,0,1,239,13,729,2.09e-135,379,98.33,0,1
rasB_protein.fasta,XM_001216330.1,55.495,182,58,2,4,185,25,501,5.03e-52,167,69.23,0,1
rasB_protein.fasta,XM_001218101.1,35.542,166,83,4,16,180,58,486,6.97e-24,93.6,58.43,0,1
rasB_protein.fasta,XM_001215750.1,34.731,167,75,4,22,187,46,447,8.68e-22,88.2,52.69,0,1
rasB_protein.fasta,XM_001211951.1,28.994,169,95,3,16,183,67,501,1.59e-18,79.7,49.70,0,1
rasB_protein.fasta,XM_001217545.1,33.333,153,102,0,33,185,46,504,3.01e-16,74.7,47.71,0,1
rasB_protein.fasta,XM_001216602.1,28.082,146,81,2,42,187,28,393,6.59e-11,58.2,45.89,0,1
rasB_protein.fasta,XM_001214052.1,25.175,143,83,2,42,184,133,489,1.47e-09,55.1,45.45,0,1
rasB_protein.fasta,XM_001212093.1,27.485,171,111,3,16,185,52,528,2.51e-09,54.3,43.27,0,1
rasB_protein.fasta,XM_001217336.1,24.074,162,103,4,27,186,103,534,1.74e-06,46.2,46.30,0,1
rhbA_protein.fasta,XM_001218101.1,92.513,187,14,0,1,187,1,561,6.77e-131,363,97.33,0,1
rhbA_protein.fasta,XM_001216330.1,37.423,163,99,2,20,180,61,546,1.16e-33,118,60.74,0,1
rhbA_protein.fasta,XM_001209587.1,35.593,177,90,3,9,162,25,552,2.31e-31,112,58.19,0,1
rhbA_protein.fasta,XM_001215750.1,34.058,138,79,3,26,162,46,426,1.74e-19,80.5,59.42,0,1
rhbA_protein.fasta,XM_001217383.1,26.702,191,126,4,9,187,31,597,3.09e-19,80.1,48.69,0,1
rhbA_protein.fasta,XM_001212093.1,27.219,169,110,3,7,163,13,516,7.04e-15,68.6,49.70,0,1
rhbA_protein.fasta,XM_001214578.1,29.167,168,99,4,7,162,49,528,2.93e-13,64.7,46.43,0,1
rhbA_protein.fasta,XM_001215293.1,22.857,175,121,4,8,169,208,729,4.83e-11,58.9,45.71,0,1
rhbA_protein.fasta,XM_001211601.1,30.476,105,71,2,58,162,31,339,2.00e-09,52.8,57.14,0,1
rhbA_protein.fasta,XM_001215007.1,25.000,84,59,2,52,135,124,363,0.002,36.6,51.19,0,1
sebA_protein.fasta,XM_001214486.1,63.082,623,203,9,1,618,1,1803,0.0,561,75.28,0,1
sebA_protein.fasta,XM_001218032.1,46.591,88,43,3,459,544,1579,1836,8.98e-15,76.6,60.23,0,1
sebA_protein.fasta,XM_001212982.1,50.000,64,29,2,495,556,16,204,2.12e-13,72.4,71.88,0,1
sebA_protein.fasta,XM_001213452.1,46.774,62,32,1,485,546,373,555,3.27e-11,65.1,62.90,0,1
sebA_protein.fasta,XM_001213452.1,36.842,57,35,1,490,546,304,471,1.51e-05,47.0,54.39,0,1
sebA_protein.fasta,XM_001216182.1,49.020,51,25,1,495,545,73,222,1.30e-10,63.2,66.67,0,1
sebA_protein.fasta,XM_001218011.1,53.846,52,23,1,491,542,61,213,1.79e-10,63.2,67.31,0,1
sebA_protein.fasta,XM_001217402.1,48.214,56,28,1,489,544,91,255,2.11e-10,62.8,67.86,0,1
sebA_protein.fasta,XM_001211248.1,63.415,41,14,1,494,534,139,258,3.32e-10,62.4,80.49,0,1
sebA_protein.fasta,XM_001209327.1,52.727,55,24,2,486,540,124,282,1.11e-09,60.5,67.27,0,1
sebA_protein.fasta,XM_001211501.1,46.552,58,30,1,486,543,49,219,2.28e-09,59.3,60.34,0,1
sidA_protein.fasta,XM_001209565.1,77.848,474,101,1,28,501,19,1428,0.0,747,85.86,0,1
sidC_protein.fasta,XM_001214251.1,60.227,4762,1810,40,38,4758,76,14232,0.0,5702,76.08,0,1
sidC_protein.fasta,XM_001208367.1,23.577,2986,1819,108,335,3156,5509,13569,1.29e-138,491,40.92,0,1
sidC_protein.fasta,XM_001208367.1,23.919,2266,1438,71,1457,3617,5422,11676,3.35e-118,423,40.78,0,1
sidC_protein.fasta,XM_001208367.1,24.176,1820,1157,63,335,2082,8692,13698,1.42e-97,355,41.10,0,1
sidC_protein.fasta,XM_001208367.1,24.531,746,477,21,1464,2174,802,2886,2.10e-41,169,43.97,0,1
sidC_protein.fasta,XM_001208367.1,26.560,625,375,20,335,932,883,2586,5.84e-40,164,43.52,0,1
sidC_protein.fasta,XM_001208367.1,24.908,819,523,29,2583,3369,802,3078,3.47e-37,155,41.88,0,1
sidC_protein.fasta,XM_001208367.1,24.045,445,296,14,3647,4074,10141,11400,1.19e-16,87.4,42.02,0,1
sidC_protein.fasta,XM_001208367.1,20.327,551,373,16,3650,4178,6946,8466,2.78e-12,73.2,36.84,0,1
sidC_protein.fasta,XM_001208367.1,21.070,299,210,7,4224,4510,10204,11058,3.24e-08,59.7,40.13,0,1
sidC_protein.fasta,XM_001217685.1,24.826,2155,1387,65,1429,3503,529,6534,1.07e-132,468,43.34,0,1
sidC_protein.fasta,XM_001217685.1,25.514,2140,1329,77,323,2387,655,6504,1.63e-125,445,43.27,0,1
sidC_protein.fasta,XM_001217685.1,25.783,958,611,31,2609,3530,685,3366,9.04e-63,239,42.69,0,1
sidC_protein.fasta,XM_001217685.1,26.543,972,584,32,335,1272,3892,6519,1.84e-57,222,41.56,0,1
sidC_protein.fasta,XM_001217685.1,25.918,490,312,16,3633,4104,2089,3459,1.35e-27,123,44.90,0,1
sidC_protein.fasta,XM_001217685.1,25.616,406,256,12,3650,4035,5368,6507,4.69e-18,92.0,43.35,0,1
sidC_protein.fasta,XM_001217685.1,23.873,377,259,10,4225,4590,5422,6501,8.07e-14,78.2,42.97,0,1
sidC_protein.fasta,XM_001217685.1,21.903,452,317,14,4188,4629,2083,3360,2.46e-11,69.7,42.04,0,1
sidC_protein.fasta,XM_001217069.1,25.000,1956,1225,70,335,2241,1705,6993,1.49e-113,406,42.89,0,1
sidC_protein.fasta,XM_001217069.1,24.889,1804,1122,62,1429,3169,1555,6456,1.54e-100,363,42.96,0,1
sidC_protein.fasta,XM_001217069.1,25.436,975,604,28,2606,3546,1696,4353,5.28e-61,233,42.97,0,1
sidC_protein.fasta,XM_001217069.1,22.936,545,354,17,3650,4180,3133,4611,4.63e-22,105,42.02,0,1
sidC_protein.fasta,XM_001217069.1,22.653,490,318,16,4189,4666,3079,4401,3.57e-14,79.3,40.41,0,1
sidC_protein.fasta,XM_001218652.1,25.482,1919,1142,71,319,2144,727,5898,5.64e-112,401,41.43,0,1
sidC_protein.fasta,XM_001218652.1,23.760,2016,1280,65,1443,3364,604,6162,2.79e-90,330,40.28,0,1
sidC_protein.fasta,XM_001218652.1,25.167,1049,680,32,2609,3610,772,3744,1.83e-57,222,41.28,0,1
sidC_protein.fasta,MT376588.1,23.051,2399,1532,76,1466,3713,98855,92148,6.15e-111,400,39.77,0,-3
sidC_protein.fasta,MT376588.1,24.113,2086,1279,80,447,2405,98480,92754,4.31e-101,367,41.04,0,-3
sidC_protein.fasta,MT376588.1,24.695,984,600,35,335,1271,95459,92790,7.73e-55,214,42.68,0,-3
sidC_protein.fasta,MT376588.1,22.171,645,437,20,3650,4272,93947,92142,2.79e-22,106,40.47,0,-3
sidC_protein.fasta,MT376588.1,24.948,481,292,17,3647,4093,97268,95931,4.82e-21,102,41.79,0,-3
sidC_protein.fasta,XM_001210044.1,23.032,2401,1535,78,1466,3713,793,7515,1.29e-110,397,39.78,0,1
sidC_protein.fasta,XM_001210044.1,24.807,2076,1282,83,447,2405,1168,6909,2.25e-103,373,41.33,0,1
sidC_protein.fasta,XM_001210044.1,25.482,985,591,37,335,1271,4204,6873,9.07e-57,219,42.44,0,1
sidC_protein.fasta,XM_001210044.1,22.615,650,428,23,3650,4272,5716,7521,9.69e-22,104,40.46,0,1
sidC_protein.fasta,XM_001210044.1,24.217,479,303,16,3647,4093,2380,3732,4.75e-20,98.6,42.17,0,1
sidC_protein.fasta,XM_001212706.1,25.888,2055,1212,74,348,2303,844,6372,1.24e-109,392,41.80,0,1
sidC_protein.fasta,XM_001212706.1,26.797,821,525,22,2624,3408,3994,6336,2.93e-55,214,43.24,0,1
sidC_protein.fasta,XM_001212706.1,27.040,858,543,29,1457,2278,718,3150,1.17e-52,206,43.82,0,1
sidC_protein.fasta,XM_001212706.1,24.224,999,650,35,2609,3574,805,3579,1.51e-48,192,42.34,0,1
sidC_protein.fasta,XM_001212706.1,24.943,441,266,16,3650,4074,2266,3441,2.65e-13,76.3,40.14,0,1
sidC_protein.fasta,XM_001212706.1,24.127,315,209,8,3649,3950,5452,6345,8.52e-13,74.7,42.22,0,1
sidC_protein.fasta,XM_001212706.1,30.159,189,119,6,4207,4385,2266,2823,6.94e-10,65.1,47.62,0,1
sidC_protein.fasta,XM_001212754.1,23.731,2187,1383,72,348,2415,1171,7233,1.30e-104,377,39.92,0,1
sidC_protein.fasta,XM_001212754.1,23.551,1346,873,46,1109,2389,52,3816,4.84e-68,256,42.57,0,1
sidC_protein.fasta,XM_001212754.1,25.234,963,615,27,2623,3530,4516,7254,1.28e-58,226,42.06,0,1
sidC_protein.fasta,XM_001212754.1,25.648,1041,665,41,2610,3589,1135,4113,6.37e-55,213,42.56,0,1
sidC_protein.fasta,XM_001212754.1,24.903,1036,648,34,335,1328,4474,7317,3.20e-54,211,42.28,0,1
sidC_protein.fasta,XM_001212754.1,23.647,499,330,15,3623,4098,2584,3996,1.76e-20,100,41.88,0,1
sidC_protein.fasta,XM_001212754.1,24.942,429,285,13,3658,4072,6037,7254,3.86e-15,82.4,42.66,0,1
sidC_protein.fasta,XM_001212754.1,25.991,227,152,6,3866,4090,25,663,1.60e-08,60.5,41.85,0,1
sidC_protein.fasta,XM_001210314.1,25.180,1803,1062,61,348,2048,7462,12315,8.33e-104,375,41.26,0,1
sidC_protein.fasta,XM_001210314.1,21.903,2123,1426,62,1164,3209,6535,12438,1.45e-88,325,40.04,0,1
sidC_protein.fasta,XM_001210314.1,24.855,1038,651,37,2609,3586,7423,10329,6.52e-55,214,40.75,0,1
sidC_protein.fasta,XM_001210314.1,26.678,596,350,16,348,924,937,2520,1.31e-43,176,45.47,0,1
sidC_protein.fasta,XM_001210314.1,26.687,652,410,19,1415,2048,712,2517,2.88e-43,175,45.09,0,1
sidC_protein.fasta,XM_001210314.1,23.160,924,573,38,971,1837,3982,6513,5.62e-33,141,40.80,0,1
sidC_protein.fasta,XM_001210314.1,23.909,573,388,17,2610,3168,901,2517,2.01e-32,139,43.80,0,1
sidC_protein.fasta,XM_001210314.1,28.185,259,161,9,3791,4038,15841,16575,3.21e-13,76.3,44.40,0,1
sidC_protein.fasta,XM_001210314.1,22.921,445,293,17,973,1396,13768,15015,3.35e-13,76.3,41.12,0,1
sidC_protein.fasta,XM_001210314.1,22.571,350,227,11,4179,4511,3631,4599,8.39e-06,51.6,38.57,0,1
sidC_protein.fasta,XM_001210314.1,23.208,293,203,11,4309,4588,13774,14625,0.001,44.7,42.66,0,1
sidD_protein.fasta,XM_001216109.1,42.754,1242,660,13,190,1406,511,4158,0.0,976,59.90,0,1
sidD_protein.fasta,XM_001216109.1,40.123,486,281,8,1566,2046,4222,5664,8.13e-95,341,58.85,0,1
sidD_protein.fasta,XM_001216109.1,28.324,692,409,26,1326,1980,1570,3495,3.15e-55,212,45.38,0,1
sidD_protein.fasta,XM_001216109.1,30.024,423,273,8,770,1177,4213,5457,2.50e-39,160,47.04,0,1
sidD_protein.fasta,XM_001217685.1,35.252,1129,698,17,209,1326,484,3804,0.0,659,52.97,0,1
sidD_protein.fasta,XM_001217685.1,34.757,1007,629,13,187,1177,3625,6609,4.57e-167,567,54.82,0,1
sidD_protein.fasta,XM_001217685.1,31.609,696,422,18,1326,1999,4684,6675,8.49e-70,260,46.70,0,1
sidD_protein.fasta,XM_001217685.1,28.028,710,417,21,1322,1994,1453,3411,5.82e-55,212,43.52,0,1
sidD_protein.fasta,XM_001210314.1,33.854,1152,697,22,209,1326,7222,10584,0.0,615,51.04,0,1
sidD_protein.fasta,XM_001210314.1,32.992,782,441,20,185,946,625,2781,1.62e-106,381,52.56,0,1
sidD_protein.fasta,XM_001210314.1,32.388,846,479,21,207,1019,10465,12822,1.46e-103,372,49.53,0,1
sidD_protein.fasta,XM_001210314.1,29.581,453,304,9,210,656,5272,6603,3.92e-49,193,50.11,0,1
sidD_protein.fasta,XM_001210314.1,30.233,473,289,10,1563,2000,15337,16737,1.89e-47,187,48.20,0,1
sidD_protein.fasta,XM_001210314.1,25.240,729,473,20,1300,1994,8119,10191,3.70e-46,183,42.66,0,1
sidD_protein.fasta,XM_001210314.1,27.815,453,285,8,764,1177,15319,16668,3.05e-35,147,43.93,0,1
sidD_protein.fasta,XM_001210314.1,23.904,502,352,11,846,1326,3904,5382,6.87e-27,120,42.43,0,1
sidD_protein.fasta,XM_001210314.1,25.634,355,214,12,875,1194,13774,14793,2.16e-17,88.6,43.10,0,1
sidD_protein.fasta,XM_001210314.1,20.739,352,209,9,1319,1647,1669,2583,6.67e-12,70.5,39.77,0,1
sidD_protein.fasta,XM_001210314.1,25.217,345,228,10,1650,1973,13696,14703,7.10e-11,67.0,42.90,0,1
sidD_protein.fasta,XM_001210314.1,23.448,145,90,3,1282,1405,6097,6531,0.002,42.7,42.07,0,1
sidD_protein.fasta,XM_001210314.1,22.846,267,173,11,1042,1297,6520,7254,0.006,40.8,38.95,0,1
sidD_protein.fasta,XM_001217640.1,34.331,1136,705,20,210,1326,6115,9456,9.03e-178,605,52.20,0,1
sidD_protein.fasta,XM_001217640.1,30.289,1106,687,23,140,1200,9136,12336,5.02e-126,444,47.74,0,1
sidD_protein.fasta,XM_001217640.1,31.569,1058,650,23,190,1188,12397,15525,1.96e-124,439,49.62,0,1
sidD_protein.fasta,XM_001217640.1,33.571,843,491,19,207,1018,1453,3867,5.62e-110,392,51.48,0,1
sidD_protein.fasta,XM_001217640.1,28.182,440,279,9,863,1289,196,1443,1.21e-48,191,47.73,0,1
sidD_protein.fasta,XM_001217640.1,26.949,731,438,23,1326,1997,13459,15540,5.97e-47,186,42.27,0,1
sidD_protein.fasta,XM_001217640.1,25.211,710,434,19,1324,1995,7108,9060,8.02e-45,179,43.80,0,1
sidD_protein.fasta,XM_001217640.1,24.686,717,427,21,1319,1982,10315,12285,9.29e-37,152,42.54,0,1
sidD_protein.fasta,XM_001217640.1,27.822,381,213,10,1319,1662,2440,3507,1.96e-26,118,44.09,0,1
sidD_protein.fasta,XM_001217640.1,25.833,480,324,11,846,1297,4717,6144,2.33e-25,114,42.08,0,1
sidD_protein.fasta,XM_001217689.1,32.965,1177,674,23,179,1326,631,3903,1.01e-164,560,49.79,0,1
sidD_protein.fasta,XM_001217689.1,37.255,663,375,16,207,853,3784,5697,5.06e-104,372,53.39,0,1
sidD_protein.fasta,XM_001217689.1,26.131,685,452,14,1326,1994,1579,3519,1.79e-56,216,44.38,0,1
sidD_protein.fasta,XM_001217689.1,26.331,357,208,14,1326,1662,4768,5733,5.19e-17,87.0,43.70,0,1
sidD_protein.fasta,XM_001218652.1,32.500,1120,696,22,212,1300,583,3855,1.21e-160,548,50.18,0,1
sidD_protein.fasta,XM_001218652.1,37.608,694,415,9,148,836,3628,5670,3.45e-121,427,56.63,0,1
sidD_protein.fasta,XM_001218652.1,24.965,705,457,21,1319,1992,1534,3525,5.31e-34,143,40.28,0,1
sidD_protein.fasta,XM_001218652.1,25.940,532,307,21,1319,1825,4771,6180,4.79e-28,123,42.86,0,1
sidD_protein.fasta,XM_001208367.1,32.048,1089,685,17,197,1269,5272,8421,2.83e-152,526,50.32,0,1
sidD_protein.fasta,XM_001208367.1,31.814,1163,683,31,220,1329,8530,11847,3.50e-133,466,47.55,0,1
sidD_protein.fasta,XM_001208367.1,31.517,844,512,15,204,1021,667,3078,9.07e-107,382,51.18,0,1
sidD_protein.fasta,XM_001208367.1,37.432,553,325,10,207,753,11719,13332,6.84e-93,337,55.88,0,1
sidD_protein.fasta,XM_001208367.1,24.229,681,441,16,1326,1979,9496,11394,1.46e-35,148,40.38,0,1
sidD_protein.fasta,XM_001208367.1,24.194,682,436,19,1326,1981,6277,8157,8.22e-35,145,41.06,0,1
sidD_protein.fasta,XM_001208367.1,25.047,535,336,14,1309,1826,1624,3084,4.13e-29,127,41.87,0,1
sidD_protein.fasta,XM_001212706.1,35.812,955,548,24,148,1064,3565,6348,1.18e-144,499,52.25,0,1
sidD_protein.fasta,XM_001212706.1,26.739,1193,746,25,160,1307,481,3810,3.61e-113,401,46.94,0,1
sidD_protein.fasta,XM_001212706.1,29.276,608,347,23,1287,1853,4606,6303,1.10e-41,168,43.91,0,1
sidD_protein.fasta,XM_001212706.1,25.926,702,415,23,1326,1994,1591,3480,6.59e-40,162,42.17,0,1
sidD_protein.fasta,XM_001210044.1,32.419,1203,707,37,191,1326,625,4116,1.01e-143,498,49.46,0,1
sidD_protein.fasta,XM_001210044.1,32.544,1014,622,20,204,1177,3988,6963,1.41e-137,479,51.08,0,1
sidD_protein.fasta,XM_001210044.1,25.038,659,426,23,1319,1944,4996,6867,5.43e-35,146,43.55,0,1
sidD_protein.fasta,XM_001210044.1,24.180,732,441,30,1332,2000,1702,3744,5.52e-33,139,43.44,0,1
sidD_protein.fasta,XM_001210044.1,40.323,62,37,0,772,833,7330,7515,4.73e-07,54.3,64.52,0,1
sidD_protein.fasta,XM_001210044.1,43.478,69,39,0,1559,1627,7312,7518,1.23e-06,53.1,56.52,0,1
sidD_protein.fasta,MT376588.1,32.140,1229,729,37,165,1326,99119,95547,1.30e-143,499,49.23,0,-3
sidD_protein.fasta,MT376588.1,33.004,1012,620,22,204,1177,95675,92700,2.52e-138,483,51.38,0,-3
sidD_protein.fasta,MT376588.1,25.038,659,426,25,1319,1944,94667,92796,1.63e-35,148,43.70,0,-3
sidD_protein.fasta,MT376588.1,25.034,727,436,30,1332,2000,97946,95919,3.45e-32,137,42.23,0,-3
sidD_protein.fasta,MT376588.1,40.323,62,37,0,772,833,92333,92148,4.93e-07,54.3,64.52,0,-3
sidD_protein.fasta,MT376588.1,43.478,69,39,0,1559,1627,92351,92145,1.88e-06,52.4,56.52,0,-3


